chr;start;end;pval
chrX;6970924;7040633.24;8.41084824176505
chrX;5905839;5964897.39;0.27032095938921
chrX;2861250;2889862.5;8.12407861929387
chrX;17103176;17274207.76;6.15661833900958
chrX;7957900;8037479;7.47094141086564
chrX;9681276;9778088.76;1.21926163323224
chrX;9791992;9889911.92;9.08091260353103
chrX;9284955;9377804.55;0.334690753370523
chrX;3565924;3601583.24;1.25689032953233
chrX;6907382;6976455.82;2.68541930476204
chrX;13889971;14028870.71;2.8165843593888
chrX;8546837;8632305.37;7.46131803374738
chrX;5653764;5710301.64;8.46556859556586
chrX;4491480;4536394.8;1.91346683073789
chrX;17096789;17267756.89;9.73844341700897
chrX;16627056;16793326.56;6.55306618893519
chrX;12335826;12459184.26;4.05612971633673
chrX;5641251;5697663.51;9.2588079161942
chrX;16237531;16399906.31;6.98644046206027
chrX;7826619;7904885.19;6.15115311229602
chrX;3060147;3090748.47;0.611508430447429
chrX;14663925;14810564.25;0.502238140907139
chrX;10978023;11087803.23;5.04405842861161
chrX;9914439;10013583.39;0.652191492263228
chrX;14103498;14244532.98;3.15463381586596
chrX;1536886;1552254.86;1.49722389178351
chrX;5521373;5576586.73;7.08703783573583
chrX;14410138;14554239.38;4.56457050517201
chrX;14976534;15126299.34;2.99252308905125
chrX;10359792;10463389.92;6.22308114776388
chrX;6882508;6951333.08;4.93234932888299
chrX;13254689;13387235.89;2.63251123484224
chrX;976848;986616.48;6.20916681131348
chrX;11978446;12098230.46;2.50557961175218
chrX;15135052;15286402.52;3.04297692375258
chrX;14105871;14246929.71;2.46303471503779
chrX;13159892;13291490.92;7.10057370597497
chrX;1847239;1865711.39;5.72139064082876
chrX;3405721;3439778.21;4.28616162389517
chrX;9500535;9595540.35;5.45771227683872
chrX;16285025;16447875.25;8.70244858786464
chrX;17114581;17285726.81;5.36848585586995
chrX;15264411;15417055.11;4.47816453175619
chrX;7936604;8015970.04;3.81811884464696
chrX;2694977;2721926.77;9.37656871275976
chrX;6020841;6081049.41;5.26807145681232
chrX;3312810;3345938.1;8.32566596567631
chrX;15326176;15479437.76;2.26706731133163
chrX;4987131;5037002.31;1.82661824859679
chrX;9290107;9383008.07;3.03446920355782
chrX;248263;250745.63;3.20774443680421
chrX;4060080;4100680.8;8.74345564516261
chrX;3956678;3996244.78;4.42850423511118
chrX;1094110;1105051.1;3.84166142670438
chrX;2012477;2032601.77;9.59834054810926
chrX;10730952;10838261.52;5.84776044357568
chrX;15490726;15645633.26;4.54932080581784
chrX;15889919;16048818.19;2.56656217155978
chrX;9579181;9674972.81;4.7179024014622
chrX;15108909;15259998.09;6.73347443109378
chrX;3646910;3683379.1;7.57523757172748
chrX;10723277;10830509.77;9.2344541545026
chrX;11413459;11527593.59;3.04642301751301
chrX;16934652;17103998.52;9.93486126186326
chrX;5983890;6043728.9;1.95447641192004
chrX;8224738;8306985.38;0.758297848515213
chrX;6963907;7033546.07;6.19898663368076
chrX;2182389;2204212.89;8.51093635661528
chrX;9308706;9401793.06;3.20505726383999
chrX;15914468;16073612.68;7.14905729750171
chrX;15309168;15462259.68;3.72373513644561
chrX;8041865;8122283.65;1.87849183799699
chrX;11376232;11489994.32;5.44822301715612
chrX;13247455;13379929.55;2.27149398298934
chrX;3907400;3946474;7.09618684835732
chrX;9843855;9942293.55;5.43976855929941
chrX;7113437;7184571.37;4.55901077017188
chrX;7287012;7359882.12;3.23698501568288
chrX;795491;803445.91;1.84699099510908
chrX;16058783;16219370.83;3.08917010668665
chrX;9394642;9488588.42;5.33502580365166
chrX;5022227;5072449.27;3.4130177856423
chrX;14055603;14196159.03;6.29955311538652
chrX;2500875;2525883.75;1.63748044054955
chrX;3914498;3953642.98;2.15276931645349
chrX;650144;656645.44;9.64127327781171
chrX;9916054;10015214.54;0.564084385987371
chrX;7273397;7346130.97;7.17608116101474
chrX;3073526;3104261.26;3.7342200614512
chrX;5672000;5728720;2.81762062106282
chrX;12859572;12988167.72;5.07287838030607
chrX;14793502;14941437.02;6.12081741914153
chrX;2203857;2225895.57;1.62691516336054
chrX;15476205;15630967.05;1.35869553079829
chrX;20021;20221.21;2.53511957125738
chrX;1434647;1448993.47;3.84770916542038
chrX;4117419;4158593.19;5.09024946717545
chrX;1814089;1832229.89;2.0307874167338
chrX;4447605;4492081.05;2.03914244892076
chrX;8319889;8403087.89;0.784443253651261
chrX;8106982;8188051.82;1.89503184054047
chrX;12106646;12227712.46;2.04447226831689
chrX;17027931;17198210.31;6.30100588314235
chrX;17025625;17195881.25;6.36957280337811
chrX;7406859;7480927.59;9.8673910018988
chrX;805405;813459.05;4.10361378919333
chrX;8773998;8861737.98;9.61416384438053
chrX;17513225;17688357.25;6.95171546190977
chrX;2384744;2408591.44;7.87211973452941
chrX;13725999;13863258.99;7.60477244388312
chrX;9745126;9842577.26;4.33424163376912
chrX;8241192;8323603.92;3.11143935192376
chrX;6897779;6966756.79;7.90291008772329
chrX;8652889;8739417.89;3.15934082726017
chrX;2837254;2865626.54;6.38293915661052
chrX;888415;897299.15;0.718930526636541
chrX;7608521;7684606.21;2.84460746916011
chrX;2565015;2590665.15;4.58795477636159
chrX;3140006;3171406.06;7.88035822333768
chrX;16993193;17163124.93;5.02100344281644
chrX;13595643;13731599.43;0.613598541822285
chrX;12059021;12179611.21;8.73163655633107
chrX;16557794;16723371.94;4.92723894305527
chrX;2816259;2844421.59;4.02566670672968
chrX;685940;692799.4;2.64744310872629
chrX;8039428;8119822.28;0.509581298101693
chrX;16068934;16229623.34;5.83561220439151
chrX;13719823;13857021.23;0.00205622985959053
chrX;2565625;2591281.25;2.67499699955806
chrX;13795806;13933764.06;9.56614975584671
chrX;17295741;17468698.41;8.84008777560666
chrX;4981254;5031066.54;6.32903690915555
chrX;6971145;7040856.45;0.580459523480386
chrX;240341;242744.41;8.74913020757958
chrX;7972260;8051982.6;8.1708480627276
chrX;3027939;3058218.39;0.619512333068997
chrX;15061255;15211867.55;6.98198727332056
chrX;10703954;10810993.54;4.39952092710882
chrX;998775;1008762.75;4.29612701293081
chrX;3980388;4020191.88;1.56951037468389
chrX;5705277;5762329.77;6.21582648949698
chrX;10146794;10248261.94;5.06146396510303
chrX;1374994;1388743.94;7.08350070985034
chrX;3543582;3579017.82;9.40352001227438
chrX;8794602;8882548.02;5.83021118538454
chrX;7542676;7618102.76;5.37610803963617
chrX;9694365;9791308.65;4.2134121269919
chrX;8905666;8994722.66;9.17407606961206
chrX;4869797;4918494.97;2.04410529928282
chrX;4672192;4718913.92;6.07970237964764
chrX;2865849;2894507.49;5.98572122631595
chrX;1414027;1428167.27;8.48811249248684
chrX;11834636;11952982.36;5.03164809430018
chrX;5894105;5953046.05;0.265738146845251
chrX;16960914;17130523.14;5.15447129728273
chrX;1199780;1211777.8;4.65002187993377
chrX;11158855;11270443.55;5.79998039873317
chrX;12212125;12334246.25;8.41536332853138
chrX;12972009;13101729.09;5.82956418162212
chrX;15809130;15967221.3;8.44501422950998
chrX;17277777;17450554.77;9.66903331456706
chrX;7537448;7612822.48;7.5233317958191
chrX;1252870;1265398.7;6.152602606453
chrX;9196949;9288918.49;0.650175579357892
chrX;12988132;13118013.32;6.78341386606917
chrX;4886767;4935634.67;2.5224394723773
chrX;10668954;10775643.54;2.67077932367101
chrX;16393701;16557638.01;4.03983259107918
chrX;7739;7816.39;3.83405901957303
chrX;10099483;10200477.83;9.27168119698763
chrX;8366104;8449765.04;8.70440511964262
chrX;12256799;12379366.99;7.03293220838532
chrX;7197348;7269321.48;2.6983507303521
chrX;5802873;5860901.73;8.45600478816778
chrX;8338606;8421992.06;6.97951654903591
chrX;10477249;10582021.49;4.82497979188338
chrX;13659042;13795632.42;4.28836374077946
chrX;7490354;7565257.54;9.43931156070903
chrX;12639135;12765526.35;3.81188883911818
chrX;2478905;2503694.05;0.89428553590551
chrX;1289544;1302439.44;3.74353196006268
chrX;9621309;9717522.09;4.82212594011799
chrX;9897384;9996357.84;3.27279780758545
chrX;85506;86361.06;4.05688042519614
chrX;5487576;5542451.76;9.489567251876
chrX;12098994;12219983.94;2.62336922809482
chrX;13294834;13427782.34;8.64183611003682
chrX;10174143;10275884.43;9.97811737470329
chrX;15804910;15962959.1;2.29639201890677
chrX;5565314;5620967.14;7.87489593494684
chrX;17042326;17212749.26;0.0477306637912989
chrX;11251556;11364071.56;8.51246776292101
chrX;15428313;15582596.13;0.638038255274296
chrX;718201;725383.01;6.51197060244158
chrX;2218411;2240595.11;6.59502333961427
chrX;9934973;10034322.73;8.8354989583604
chrX;1878593;1897378.93;7.08553150063381
chrX;3873055;3911785.55;4.33073695981875
chrX;338264;341646.64;4.91255047498271
chrX;3490235;3525137.35;4.49196390574798
chrX;5461220;5515832.2;6.3489979528822
chrX;292660;295586.6;2.01968031469733
chrX;1411694;1425810.94;3.78425982315093
chrX;6394960;6458909.6;1.10106714069843
chrX;9621518;9717733.18;1.91382696619257
chrX;992474;1002398.74;9.83357124496251
chrX;8170887;8252595.87;7.04521923093125
chrX;7920474;7999678.74;4.78244167752564
chrX;4986121;5035982.21;0.0266807875595987
chrX;7591731;7667648.31;5.84730876144022
chrX;17304503;17477548.03;7.55295701092109
chrX;797979;805958.79;7.19620670657605
chrX;5043588;5094023.88;8.41824820963666
chrX;9814212;9912354.12;5.12787754647434
chrX;1175065;1186815.65;6.58828214043751
chrX;9329433;9422727.33;7.06825762521476
chrX;5735298;5792650.98;8.94627147354186
chrX;5388276;5442158.76;7.21731857396662
chrX;8534900;8620249;0.880236488301307
chrX;15531388;15686701.88;1.10139332246035
chrX;9354196;9447737.96;7.15468185488135
chrX;13797304;13935277.04;0.557842908892781
chrX;16536189;16701550.89;5.54207350127399
chrX;7553218;7628750.18;5.86400977568701
chrX;15524808;15680056.08;8.2908218796365
chrX;11215853;11328011.53;1.58867320045829
chrX;12862996;12991625.96;2.44165590265766
chrX;3870229;3908931.29;7.93916436843574
chrX;1817984;1836163.84;5.51572174299508
chrX;4240414;4282818.14;8.61290849279612
chrX;3185380;3217233.8;0.0513693504035473
chrX;13703999;13841038.99;3.99565054103732
chrX;8134276;8215618.76;1.19808135088533
chrX;5328089;5381369.89;3.26305077644065
chrX;6780553;6848358.53;3.11835216591135
chrX;11058504;11169089.04;6.55593346105889
chrX;8106583;8187648.83;0.860989731736481
chrX;6443116;6507547.16;5.0415274198167
chrX;9312854;9405982.54;3.48527852445841
chrX;12238360;12360743.6;5.63566171331331
chrX;12413289;12537421.89;4.1131954989396
chrX;15319139;15472330.39;1.40921580139548
chrX;4203426;4245460.26;6.70456288382411
chrX;10874300;10983043;0.690393436234444
chrX;6090718;6151625.18;9.75790048018098
chrX;3467160;3501831.6;6.29499506438151
chrX;10933899;11043237.99;3.99031759938225
chrX;3598689;3634675.89;3.63360887393355
chrX;1427384;1441657.84;2.91598793119192
chrX;9730579;9827884.79;8.34773942595348
chrX;13382215;13516037.15;3.751325821504
chrX;7283452;7356286.52;7.63477376895025
chrX;1657739;1674316.39;1.53476698324084
chrX;14353859;14497397.59;9.81346878921613
chrX;2496171;2521132.71;0.085051916539669
chrX;10063081;10163711.81;0.416198638267815
chrX;10100885;10201893.85;9.87273438367993
chrX;7044565;7115010.65;3.91540087759495
chrX;14921797;15071014.97;7.08174419822171
chrX;9315768;9408925.68;3.89150394359604
chrX;9544165;9639606.65;1.57325030304492
chrX;14867314;15015987.14;1.10278517007828
chrX;8820770;8908977.7;6.04730331106111
chrX;14948409;15097893.09;5.47246990026906
chrX;14113355;14254488.55;0.381866747047752
chrX;17237580;17409955.8;2.55736058577895
chrX;16466188;16630849.88;7.15330248232931
chrX;12825805;12954063.05;6.72691609943286
chrX;10177208;10278980.08;3.32957589300349
chrX;7260907;7333516.07;4.6120403544046
chrX;4846463;4894927.63;1.25224662013352
chrX;13042498;13172922.98;4.91772582056001
chrX;16007656;16167732.56;8.38642921065912
chrX;16853257;17021789.57;4.88718570675701
chrX;10778633;10886419.33;7.48316444223747
chrX;5222460;5274684.6;2.30172848328948
chrX;16747573;16915048.73;3.87722755549476
chrX;8341657;8425073.57;8.54586044559255
chrX;4066008;4106668.08;5.63393600750715
chrX;15292540;15445465.4;5.21679876372218
chrX;4843203;4891635.03;8.74477329431102
chrX;6212088;6274208.88;7.6766719459556
chrX;12749511;12877006.11;3.91812465619296
chrX;8552461;8637985.61;1.73881184542552
chrX;6732057;6799377.57;6.46619333419949
chrX;4933343;4982676.43;4.59177707321942
chrX;13930678;14069984.78;5.75368216726929
chrX;13470816;13605524.16;1.99406029190868
chrX;12968032;13097712.32;7.20815637148917
chrX;5208437;5260521.37;6.63781258743256
chrX;12211781;12333898.81;3.07860539061949
chrX;6638980;6705369.8;3.57241161400452
chrX;3174056;3205796.56;9.23400421859697
chrX;14456562;14601127.62;9.96793129481375
chrX;12145929;12267388.29;2.04912909772247
chrX;17503788;17678825.88;5.19692894537002
chrX;2364203;2387845.03;4.24506733193994
chrX;15467405;15622079.05;3.02761440165341
chrX;14403084;14547114.84;9.45283500244841
chrX;1283371;1296204.71;4.67220506863669
chrX;10446403;10550867.03;4.96691910317168
chrX;2647806;2674284.06;1.6872074874118
chrX;938716;948103.16;5.38484195712954
chrX;2756421;2783985.21;0.24580147350207
chrX;4172404;4214128.04;1.21950009604916
chrX;9035334;9125687.34;7.16369952308014
chrX;12366814;12490482.14;3.62430805107579
chrX;7309900;7382999;8.8937779283151
chrX;15016690;15166856.9;1.36243178974837
chrX;4971058;5020768.58;0.746181793510914
chrX;14800557;14948562.57;9.82885503908619
chrX;3825041;3863291.41;0.810491514857858
chrX;1140164;1151565.64;4.53190985834226
chrX;16158034;16319614.34;3.6379480175674
chrX;13197274;13329246.74;4.14277476025745
chrX;11493827;11608765.27;6.23989805579186
chrX;10865193;10973844.93;8.8762587774545
chrX;1329427;1342721.27;7.09780409000814
chrX;17026176;17196437.76;0.68502324167639
chrX;10497315;10602288.15;7.09042327478528
chrX;10551993;10657512.93;6.28127840347588
chrX;1206330;1218393.3;9.04954035533592
chrX;5777667;5835443.67;4.36611842829734
chrX;705766;712823.66;6.78463676711544
chrX;12388780;12512667.8;3.95954217296094
chrX;4786439;4834303.39;1.36591532733291
chrX;586485;592349.85;3.95615953020752
chrX;2876010;2904770.1;3.84142918745056
chrX;3128178;3159459.78;1.25791621860117
chrX;16397232;16561204.32;2.07388437585905
chrX;11368943;11482632.43;2.25231344113126
chrX;11528614;11643900.14;8.26125867897645
chrX;4532949;4578278.49;5.89911651797593
chrX;12208511;12330596.11;8.53970349067822
chrX;8710094;8797194.94;3.24242849135771
chrX;14010071;14150171.71;6.75868520978838
chrX;2041623;2062039.23;1.22690047137439
chrX;699745;706742.45;9.79228538926691
chrX;9807575;9905650.75;9.80817538918927
chrX;11992146;12112067.46;9.87541035516188
chrX;1413432;1427566.32;2.89509986294433
chrX;2563875;2589513.75;1.85780214611441
chrX;7290851;7363759.51;1.49572388501838
chrX;4346948;4390417.48;1.74127167090774
chrX;5939919;5999318.19;7.80953500419855
chrX;14641653;14788069.53;8.74972847057506
chrX;11119250;11230442.5;8.21861843345687
chrX;392087;396007.87;5.54628755897284
chrX;9881885;9980703.85;9.38962617656216
chrX;178667;180453.67;9.37612146371976
chrX;8803087;8891117.87;8.18247334565967
chrX;16245825;16408283.25;6.3820400624536
chrX;7626910;7703179.1;3.85225433390588
chrX;9327241;9420513.41;7.62717183213681
chrX;5490660;5545566.6;9.21228103339672
chrX;11639773;11756170.73;9.77288369089365
chrX;12111694;12232810.94;8.8433093787171
chrX;13551625;13687141.25;5.92362074879929
chrX;15281777;15434594.77;8.82057643728331
chrX;743058;750488.58;5.75788641115651
chrX;8260831;8343439.31;9.21878076856956
chrX;1026411;1036675.11;3.11450547305867
chrX;9975436;10075190.36;4.28682707250118
chrX;13190892;13322800.92;7.87966434145346
chrX;619371;625564.71;9.26448073470965
chrX;10110842;10211950.42;7.41143276914954
chrX;1968021;1987701.21;7.36191122327
chrX;6717819;6784997.19;3.32401153864339
chrX;831110;839421.1;1.58475434873253
chrX;11075424;11186178.24;8.14503611531109
chrX;13725355;13862608.55;2.76256593177095
chrX;9867901;9966580.01;6.77547049010173
chrX;2091278;2112190.78;2.98463615588844
chrX;12838795;12967182.95;3.46636439207941
chrX;9171311;9263024.11;3.92611978808418
chrX;2268081;2290761.81;8.18328730529174
chrX;12510807;12635915.07;5.44481663964689
chrX;8251894;8334412.94;5.78979202546179
chrX;13207637;13339713.37;5.60398375848308
chrX;2815113;2843264.13;8.48886977881193
chrX;12432773;12557100.73;6.63865284994245
chrX;1849987;1868486.87;0.13800201471895
chrX;13732116;13869437.16;0.500710243359208
chrX;512974;518103.74;7.61128393234685
chrX;10070641;10171347.41;1.32539978716522
chrX;16698795;16865782.95;1.81819028221071
chrX;4982013;5031833.13;3.11256775865331
chrX;5474238;5528980.38;6.50145534658805
chrX;592013;597933.13;1.66704386239871
chrX;10611205;10717317.05;0.439083522651345
chrX;1091747;1102664.47;5.04655915312469
chrX;13539938;13675337.38;2.37000381108373
chrX;8188317;8270200.17;9.16011505061761
chrX;14402184;14546205.84;5.88009332772344
chrX;7070510;7141215.1;7.46584200765938
chrX;16291727;16454644.27;1.42731862142682
chrX;11723664;11840900.64;3.71242090128362
chrX;12330548;12453853.48;3.13614909769967
chrX;4743733;4791170.33;5.73906519450247
chrX;2607071;2633141.71;4.34384715976194
chrX;1941615;1961031.15;8.40522394282743
chrX;14111709;14252826.09;5.91798544628546
chrX;12090727;12211634.27;9.47054900927469
chrX;6214057;6276197.57;7.07654796307907
chrX;3409763;3443860.63;8.03159308619797
chrX;12792671;12920597.71;2.57637789472938
chrX;61626;62242.26;5.68895887583494
chrX;10613035;10719165.35;4.31014213711023
chrX;14358587;14502172.87;0.682853863108903
chrX;11334600;11447946;6.35741506936029
chrX;3513213;3548345.13;4.25913804676384
chrX;5268695;5321381.95;3.26533003244549
chrX;10329018;10432308.18;7.61610983870924
chrX;857295;865867.95;1.41462344676256
chrX;9954973;10054522.73;7.11824016179889
chrX;15628450;15784734.5;6.19626235216856
chrX;4826935;4875204.35;7.45766293723136
chrX;212848;214976.48;6.3939596619457
chrX;4198605;4240591.05;5.34564478322864
chrX;8477930;8562709.3;3.54997824411839
chrX;2844574;2873019.74;8.24112767353654
chrX;8471805;8556523.05;2.10566190537065
chrX;15324292;15477534.92;6.62812211085111
chrX;10583740;10689577.4;9.56289840862155
chrX;10569388;10675081.88;2.96167151536793
chrX;12658694;12785280.94;3.13500777585432
chrX;7616928;7693097.28;0.511859015095979
chrX;11186170;11298031.7;0.856274459511042
chrX;15829187;15987478.87;8.95069876685739
chrX;10630867;10737175.67;4.98602421721444
chrX;3354687;3388233.87;1.26247747801244
chrX;2763874;2791512.74;1.85369311599061
chrX;3126859;3158127.59;6.46201640833169
chrX;9477973;9572752.73;7.29163210373372
chrX;11488216;11603098.16;5.85251454263926
chrX;857298;865870.98;9.19984993524849
chrX;15445493;15599947.93;8.8468827935867
chrX;16254271;16416813.71;9.00721318088472
chrX;15907616;16066692.16;5.39566093822941
chrX;12207594;12329669.94;7.39467525854707
chrX;12830192;12958493.92;7.30979426763952
chrX;17534800;17710148;9.45311873452738
chrX;10084564;10185409.64;0.0771931791678071
chrX;2445086;2469536.86;3.67799754720181
chrX;11938352;12057735.52;4.13005393231288
chrX;9848465;9946949.65;6.77765290718526
chrX;6125302;6186555.02;4.22792898491025
chrX;10855263;10963815.63;7.8121748729609
chrX;13181581;13313396.81;0.356905034277588
chrX;16216487;16378651.87;2.88419221760705
chrX;7890870;7969778.7;2.57488222792745
chrX;8512116;8597237.16;9.07084959791973
chrX;14622041;14768261.41;0.62662810087204
chrX;2674202;2700944.02;6.67250712169334
chrX;3097452;3128426.52;0.561033345293254
chrX;15470091;15624791.91;4.39335314556956
chrX;13208073;13340153.73;0.177895009983331
chrX;8329283;8412575.83;9.90763621171936
chrX;5689483;5746377.83;2.90328926639631
chrX;7933488;8012822.88;2.59539686376229
chrX;8786104;8873965.04;0.727203227579594
chrX;15442078;15596498.78;4.09628643887118
chrX;10332210;10435532.1;8.98383957101032
chrX;8526130;8611391.3;2.50672439811751
chrX;10394685;10498631.85;6.05727409711108
chrX;702474;709498.74;5.97378054168075
chrX;7098231;7169213.31;5.5622374266386
chrX;13455900;13590459;1.83629258535802
chrX;1085767;1096624.67;4.83897931873798
chrX;16586522;16752387.22;2.85734208766371
chrX;9052109;9142630.09;6.55481344321743
chrX;13894960;14033909.6;5.31667267205194
chrX;12697463;12824437.63;0.153318683151156
chrX;17600094;17776094.94;8.14640091964975
chrX;7655282;7731834.82;8.27929771272466
chrX;5492434;5547358.34;8.68700780905783
chrX;6752740;6820267.4;2.57068039150909
chrX;7911312;7990425.12;7.18193877954036
chrX;13411055;13545165.55;3.03231618832797
chrX;11265496;11378150.96;9.27307197125629
chrX;16176077;16337837.77;5.61868637567386
chrX;11165211;11276863.11;6.61829741438851
chrX;17291224;17464136.24;2.13292484404519
chrX;14551637;14697153.37;0.773467412218452
chrX;16486827;16651695.27;9.4064318924211
chrX;2799840;2827838.4;8.96174201508984
chrX;2230878;2253186.78;3.56553628342226
chrX;4647333;4693806.33;3.46496031852439
chrX;11048883;11159371.83;6.82521396549419
chrX;3540741;3576148.41;5.33975541591644
chrX;12383428;12507262.28;2.93741015484557
chrX;12268086;12390766.86;3.14972982741892
chrX;17088027;17258907.27;6.01744939107448
chrX;15857078;16015648.78;5.4676648369059
chrX;7944376;8023819.76;1.21405004989356
chrX;12748892;12876380.92;8.44173629069701
chrX;16653440;16819974.4;6.66883502388373
chrX;9531990;9627309.9;9.29334219312295
chrX;15833449;15991783.49;6.72283383319154
chrX;14931608;15080924.08;1.36523403692991
chrX;11202581;11314606.81;9.54976444598287
chrX;10259702;10362299.02;6.40839585335925
chrX;14883570;15032405.7;4.69366682693362
chrX;10641933;10748352.33;2.09355386439711
chrX;17032884;17203212.84;0.499248947016895
chrX;7331992;7405311.92;5.99160759709775
chrX;13880251;14019053.51;3.62257249653339
chrX;182509;184334.09;0.874591686297208
chrX;5239212;5291604.12;0.584698163438588
chrX;1179394;1191187.94;2.42456836393103
chrX;12980921;13110730.21;2.32917962130159
chrX;4366190;4409851.9;8.76160682877526
chrX;417609;421785.09;7.52704971237108
chrX;14214399;14356542.99;3.6329255043529
chrX;11489941;11604840.41;3.18647985812277
chrX;15914388;16073531.88;3.73888481874019
chrX;16564458;16730102.58;5.92956978594884
chrX;4860672;4909278.72;5.2960901055485
chrX;14054479;14195023.79;5.54052612278611
chrX;10443107;10547538.07;4.64195319917053
chrX;4734094;4781434.94;1.23657156247646
chrX;11416027;11530187.27;7.78934058267623
chrX;1276199;1288960.99;9.8500779690221
chrX;14890422;15039326.22;4.08401847351342
chrX;1001178;1011189.78;2.90831648046151
chrX;16429656;16593952.56;1.21801749570295
chrX;2602571;2628596.71;7.48044243548065
chrX;3412926;3447055.26;7.32206770451739
chrX;7707115;7784186.15;4.92122978670523
chrX;8536966;8622335.66;7.28061043890193
chrX;3745467;3782921.67;5.44133993797004
chrX;4694658;4741604.58;0.908909486606717
chrX;11234874;11347222.74;8.03199013695121
chrX;259015;261605.15;0.526197263970971
chrX;3220038;3252238.38;7.38022973062471
chrX;15989320;16149213.2;3.62098773010075
chrX;8684865;8771713.65;7.63761570909992
chrX;10161134;10262745.34;1.03457703487948
chrX;3000845;3030853.45;5.97824236843735
chrX;2902339;2931362.39;5.96879515098408
chrX;15100159;15251160.59;2.19628332648426
chrX;12319409;12442603.09;5.18514471361414
chrX;7731785;7809102.85;2.16545228613541
chrX;13408421;13542505.21;1.65101391496137
chrX;10915231;11024383.31;0.285036452114582
chrX;14902537;15051562.37;2.66709966817871
chrX;15984844;16144692.44;2.69237824250013
chrX;137623;138999.23;3.45946076326072
chrX;2278897;2301685.97;3.2262079953216
chrX;11418651;11532837.51;3.4266071091406
chrX;11436496;11550860.96;4.33546538464725
chrX;4514478;4559622.78;6.37433646479622
chrX;3761895;3799513.95;0.429324430879205
chrX;12222109;12344330.09;8.6631424468942
chrX;15400702;15554709.02;0.896369649562985
chrX;854634;863180.34;8.39287113398314
chrX;13875971;14014730.71;3.22880199179053
chrX;8197658;8279634.58;2.39053278928623
chrX;15946103;16105564.03;3.60669917892665
chrX;16876693;17045459.93;6.60138041246682
chrX;11572540;11688265.4;9.50604049488902
chrX;2295569;2318524.69;1.13754336489365
chrX;14448823;14593311.23;5.28205601731315
chrX;3122378;3153601.78;6.94073664722964
chrX;5738824;5796212.24;6.74337867414579
chrX;14359846;14503444.46;2.95780081301928
chrX;8069135;8149826.35;0.542161467019469
chrX;5709484;5766578.84;5.25667706038803
chrX;16526513;16691778.13;7.43815642083064
chrX;12108248;12229330.48;0.507386575918645
chrX;713945;721084.45;8.61330026527867
chrX;15481746;15636563.46;4.68374823452905
chrX;7985056;8064906.56;1.35467594256625
chrX;7115534;7186689.34;4.19339144835249
chrX;6080508;6141313.08;5.40113240247592
chrX;8601167;8687178.67;5.54279463831335
chrX;16108617;16269703.17;3.3552358392626
chrX;376521;380286.21;7.29082979029045
chrX;12727871;12855149.71;8.25341096147895
chrX;2914786;2943933.86;9.27966026356444
chrX;14974106;15123847.06;2.94714028714225
chrX;15322346;15475569.46;1.84074600227177
chrX;9678874;9775662.74;4.20056831790134
chrX;10048287;10148769.87;9.26605948247015
chrX;7279327;7352120.27;3.94152345135808
chrX;2763894;2791532.94;0.802987837232649
chrX;13254310;13386853.1;5.86902466369793
chrX;11913519;12032654.19;8.05898256832734
chrX;6509797;6574894.97;5.63516334164888
chrX;11168178;11279859.78;7.80280477600172
chrX;10247700;10350177;2.84407888306305
chrX;17405082;17579132.82;9.72896128660068
chrX;686568;693433.68;3.80852105328813
chrX;9188188;9280069.88;8.09279463021085
chrX;7194893;7266841.93;2.01741205528378
chrX;15089638;15240534.38;3.45424798782915
chrX;68369;69052.69;9.4747020304203
chrX;15743643;15901079.43;1.34524394059554
chrX;4292958;4335887.58;0.340802664868534
chrX;15942882;16102310.82;9.71861415542662
chrX;8774823;8862571.23;9.55793454544619
chrX;15382755;15536582.55;9.13512136787176
chrX;2676258;2703020.58;4.25783161772415
chrX;7557322;7632895.22;4.51277090003714
chrX;15137840;15289218.4;2.55767499795184
chrX;11535606;11650962.06;5.8259888831526
chrX;10529694;10634990.94;1.2182293809019
chrX;10774749;10882496.49;6.14530984777957
chrX;881716;890533.16;2.77584382332861
chrX;3987504;4027379.04;3.3660277351737
chrX;2254146;2276687.46;1.02855543605983
chrX;6029034;6089324.34;1.5696017164737
chrX;14241607;14384023.07;7.06857032841072
chrX;14404118;14548159.18;5.4675693414174
chrX;6912188;6981309.88;5.78036999329925
chrX;4862179;4910800.79;9.55586857395247
chrX;12869799;12998496.99;1.38762765564024
chrX;15245442;15397896.42;9.03979559196159
chrX;16846737;17015204.37;5.41021148441359
chrX;8758435;8846019.35;9.06247438397259
chrX;14619857;14766055.57;2.66067307442427
chrX;4377493;4421267.93;4.41945376107469
chrX;12830452;12958756.52;6.70161206508055
chrX;1433919;1448258.19;9.94827545480803
chrX;15041358;15191771.58;3.62989651272073
chrX;16840843;17009251.43;5.51072638947517
chrX;9677605;9774381.05;2.14123693993315
chrX;10962367;11071990.67;8.39745312230662
chrX;15752823;15910351.23;5.92367970850319
chrX;1728245;1745527.45;2.03966163331643
chrX;11416298;11530460.98;8.33053805632517
chrX;17175375;17347128.75;6.72052702633664
chrX;12541184;12666595.84;2.08438402274624
chrX;12431662;12555978.62;5.80454781884328
chrX;14400401;14544405.01;4.32272356236354
chrX;12625673;12751929.73;2.35693207941949
chrX;8507649;8592725.49;2.59690695209429
chrX;8883638;8972474.38;7.95522096334025
chrX;759679;767275.79;7.22273023333401
chrX;13845911;13984370.11;0.141707751899958
chrX;3404478;3438522.78;4.41648243460804
chrX;7923492;8002726.92;5.40585952578113
chrX;10405373;10509426.73;6.38591713737696
chrX;8670040;8756740.4;6.08765213051811
chrX;5579380;5635173.8;2.96405635308474
chrX;6069324;6130017.24;2.52286904724315
chrX;9347696;9441172.96;6.52608805336058
chrX;5235413;5287767.13;0.596365318633616
chrX;10417062;10521232.62;3.19579949602485
chrX;7029371;7099664.71;7.02732886653394
chrX;4772283;4820005.83;9.89489020546898
chrX;17082575;17253400.75;7.82580547966063
chrX;4099577;4140572.77;9.43690225947648
chrX;2558397;2583980.97;9.78376433020458
chrX;16160124;16321725.24;0.138765086885542
chrX;14897484;15046458.84;4.61875293869525
chrX;11532250;11647572.5;4.9448253470473
chrX;7722970;7800199.7;3.73724324628711
chrX;5920897;5980105.97;8.15840465016663
chrX;15300143;15453144.43;3.6620388715528
chrX;7115004;7186154.04;8.69804023997858
chrX;148391;149874.91;6.20560725452378
chrX;16138227;16299609.27;5.53307900438085
chrX;10957439;11067013.39;0.441428243648261
chrX;5725772;5783029.72;9.71646527759731
chrX;9949377;10048870.77;6.90698916092515
chrX;14653028;14799558.28;8.25296127935872
chrX;4039053;4079443.53;3.72267946833745
chrX;3247117;3279588.17;1.13563371589407
chrX;13870516;14009221.16;2.74651078972966
chrX;7964953;8044602.53;3.04201212245971
chrX;221021;223231.21;6.52244121301919
chrX;3096609;3127575.09;0.0530726625584066
chrX;15435084;15589434.84;4.85442536883056
chrX;13407007;13541077.07;7.21540798433125
chrX;3695526;3732481.26;4.75127149373293
chrX;1428088;1442368.88;9.80266420636326
chrX;7335460;7408814.6;2.49273333931342
chrX;1462665;1477291.65;1.13742779940367
chrX;16444448;16608892.48;7.69949355861172
chrX;2316607;2339773.07;0.798627827316523
chrX;15985602;16145458.02;5.50990187563002
chrX;8469620;8554316.2;1.79706757189706
chrX;1592792;1608719.92;2.7446240792051
chrX;17378342;17552125.42;6.95160481613129
chrX;8979670;9069466.7;3.55599545873702
chrX;6100772;6161779.72;2.35893995733932
chrX;11462658;11577284.58;1.50420796824619
chrX;1993933;2013872.33;5.1506558409892
chrX;2755975;2783534.75;6.02804818190634
chrX;10290051;10392951.51;6.6111825290136
chrX;9634635;9730981.35;9.13607911439613
chrX;12145201;12266653.01;2.866805663798
chrX;15742076;15899496.76;4.98912847368047
chrX;9970404;10070108.04;6.21716132154688
chrX;6934789;7004136.89;9.47762455325574
chrX;10103013;10204043.13;4.57794651389122
chrX;13448755;13583242.55;9.0341639239341
chrX;2019831;2040029.31;1.76926713902503
chrX;17541191;17716602.91;6.19801162276417
chrX;14433069;14577399.69;3.42880060663447
chrX;6428165;6492446.65;3.86924599530175
chrX;13467118;13601789.18;8.67636584909633
chrX;2855481;2884035.81;2.26212774403393
chrX;13746028;13883488.28;2.56155133014545
chrX;3341950;3375369.5;8.17165641114116
chrX;16323737;16486974.37;4.61160534294322
chrX;9935724;10035081.24;2.44526254944503
chrX;15501399;15656412.99;4.51072122668847
chrX;17138852;17310240.52;4.07647469313815
chrX;12514130;12639271.3;2.24521355703473
chrX;17474185;17648926.85;8.14096777001396
chrX;4112411;4153535.11;3.67880824720487
chrX;16739930;16907329.3;4.90945528494194
chrX;302388;305411.88;9.07493646722287
chrX;6550135;6615636.35;5.90124154696241
chrX;13955387;14094940.87;8.43133548973128
chrX;3054523;3085068.23;8.3357690856792
chrX;2343906;2367345.06;5.20460611442104
chrX;17450788;17625295.88;1.46668063243851
chrX;17296538;17469503.38;0.263374866917729
chrX;15773558;15931293.58;9.92895518662408
chrX;10932056;11041376.56;7.66533384332433
chrX;12969240;13098932.4;3.51913796504959
chrX;8236868;8319236.68;6.42281211912632
chrX;3980854;4020662.54;3.09731506276876
chrX;9126346;9217609.46;3.41896276455373
chrX;17032543;17202868.43;6.33847594261169
chrX;6328712;6391999.12;4.35668593505397
chrX;6832260;6900582.6;1.74936618423089
chrX;7502830;7577858.3;1.96769882924855
chrX;17408999;17583088.99;2.11871315026656
chrX;9065153;9155804.53;8.01134422887117
chrX;8225895;8308153.95;8.03602239117026
chrX;9101910;9192929.1;3.95876178052276
chrX;11136586;11247951.86;7.34125944552943
chrX;1576027;1591787.27;9.45021953666583
chrX;2025065;2045315.65;0.0784097821451724
chrX;9514024;9609164.24;9.81039031175897
chrX;11603566;11719601.66;9.83426488470286
chrX;11960204;12079806.04;7.58319592801854
chrX;14255569;14398124.69;8.63904898287728
chrX;3974565;4014310.65;8.69100633775815
chrX;11870695;11989401.95;5.40263807866722
chrX;17629322;17805615.22;0.129452301189303
chrX;3405853;3439911.53;4.07973076449707
chrX;5903076;5962106.76;5.30272596282885
chrX;17611133;17787244.33;3.41677958611399
chrX;14093872;14234810.72;3.59936089720577
chrX;9576616;9672382.16;2.76338326046243
chrX;12061239;12181851.39;7.16400657780469
chrX;4069922;4110621.22;9.51095862779766
chrX;3391894;3425812.94;1.78401335608214
chrX;5892910;5951839.1;1.3336414610967
chrX;2045354;2065807.54;1.74034529365599
chrX;4527552;4572827.52;7.86026096902788
chrX;10999179;11109170.79;8.0681907851249
chrX;14897177;15046148.77;5.43330092448741
chrX;12524766;12650013.66;8.79981829319149
chrX;16783698;16951534.98;3.5386558691971
chrX;6516459;6581623.59;1.75135528435931
chrX;14922235;15071457.35;9.259840734303
chrX;9723276;9820508.76;2.78395823901519
chrX;17147899;17319377.99;7.87802014499903
chrX;9461898;9556516.98;5.95961945829913
chrX;16960003;17129603.03;8.1499819480814
chrX;15897838;16056816.38;3.74141142470762
chrX;803561;811596.61;2.81814739573747
chrX;14512483;14657607.83;4.72256967797875
chrX;591557;597472.57;8.74117524828762
chrX;15905354;16064407.54;4.21782287536189
chrX;1169987;1181686.87;0.755347949452698
chrX;12747615;12875091.15;7.65728569822386
chrX;195101;197052.01;2.88397067924961
chrX;14333193;14476524.93;6.09365623211488
chrX;17413045;17587175.45;4.78715738514438
chrX;765388;773041.88;8.77688409760594
chrX;5020043;5070243.43;7.2463160334155
chrX;13658216;13794798.16;9.80598986614496
chrX;16655267;16821819.67;1.53024425264448
chrX;11905209;12024261.09;6.6023254650645
chrX;10181447;10283261.47;4.9193974188529
chrX;1816114;1834275.14;8.49605959374458
chrX;16912954;17082083.54;4.89082515938208
chrX;13366857;13500525.57;4.87703829538077
chrX;3276205;3308967.05;7.03069977695122
chrX;14480052;14624852.52;3.07188439881429
chrX;2264877;2287525.77;4.30759306997061
chrX;750105;757606.05;3.99627686478198
chrX;6640215;6706617.15;8.70372063480318
chrX;15425836;15580094.36;7.58359834318981
chrX;8351645;8435161.45;8.91852342989296
chrX;12123912;12245151.12;5.71312942542136
chrX;8003068;8083098.68;6.88296651700512
chrX;3127130;3158401.3;7.46288426918909
chrX;13218898;13351086.98;9.70925078727305
chrX;4822548;4870773.48;5.69898058427498
chrX;11542680;11658106.8;9.59794575581327
chrX;2032119;2052440.19;8.40228837449104
chrX;5583537;5639372.37;8.19667399860919
chrX;1966794;1986461.94;9.26723062759265
chrX;236460;238824.6;0.563638696912676
chrX;5223978;5276217.78;3.0491090961732
chrX;2388100;2411981;8.48762363661081
chrX;7141984;7213403.84;7.5618327059783
chrX;11322145;11435366.45;2.22783919656649
chrX;5370980;5424689.8;0.0768525316379964
chrX;14914662;15063808.62;9.19702277751639
chrX;9732038;9829358.38;2.97981005394831
chrX;2267528;2290203.28;4.57515103043988
chrX;14985973;15135832.73;9.18208631454036
chrX;12420389;12544592.89;2.69761166768149
chrX;3234808;3267156.08;4.60671345004812
chrX;5704872;5761920.72;3.16059768898413
chrX;4281509;4324324.09;9.76123927626759
chrX;1564954;1580603.54;2.25812817458063
chrX;6321092;6384302.92;0.533175794407725
chrX;17173615;17345351.15;0.825477514881641
chrX;11563949;11679588.49;3.2420634967275
chrX;14551658;14697174.58;4.03312111739069
chrX;14797804;14945782.04;1.39232103480026
chrX;14943678;15093114.78;3.17222794517875
chrX;13966499;14106163.99;2.50568575458601
chrX;2619439;2645633.39;0.453099654987454
chrX;7837795;7916172.95;0.186062115244567
chrX;16721754;16888971.54;6.50925628142431
chrX;16793263;16961195.63;7.13436089921743
chrX;4369929;4413628.29;7.73135919123888
chrX;2524371;2549614.71;7.13191489921883
chrX;3549989;3585488.89;0.100795030593872
chrX;10660378;10766981.78;0.388995830435306
chrX;6904042;6973082.42;0.378067940473557
chrX;12316367;12439530.67;1.21413501910865
chrX;1992022;2011942.22;7.09104163572192
chrX;14939135;15088526.35;6.30083122523502
chrX;1465644;1480300.44;4.18892337940633
chrX;2263755;2286392.55;9.55083775566891
chrX;10865161;10973812.61;9.39004023559391
chrX;7492859;7567787.59;7.19245545333251
chrX;4013127;4053258.27;6.71125606400892
chrX;9619772;9715969.72;5.21902696229518
chrX;16075139;16235890.39;3.76231359317899
chrX;8056034;8136594.34;4.62713897461072
chrX;11119943;11231142.43;1.27168755745515
chrX;1701110;1718121.1;7.37441301112995
chrX;13640155;13776556.55;4.50553079135716
chrX;1062033;1072653.33;0.222330952528864
chrX;8675315;8762068.15;5.84426056127995
chrX;11809200;11927292;9.5323533937335
chrX;8758409;8845993.09;8.31926014274359
chrX;11732492;11849816.92;7.26203034864739
chrX;3942836;3982264.36;1.37266372330487
chrX;3657212;3693784.12;7.93572768336162
chrX;1030633;1040939.33;9.52365036820993
chrX;3852635;3891161.35;0.19542403286323
chrX;11983485;12103319.85;7.68678984139115
chrX;13207269;13339341.69;8.14581371145323
chrX;193101;195032.01;1.00559413898736
chrX;13600871;13736879.71;3.61207448411733
chrX;5950441;6009945.41;5.71695855120197
chrX;17370440;17544144.4;0.423920012544841
chrX;13551955;13687474.55;3.16122846212238
chrX;3600208;3636210.08;0.704770949669182
chrX;16180043;16341843.43;2.22171193687245
chrX;10094207;10195149.07;6.3611006597057
chrX;7172871;7244599.71;7.34968511154875
chrX;5251548;5304063.48;4.97689057607204
chrX;8833481;8921815.81;4.38362431479618
chrX;14442983;14587412.83;8.66595227271318
chrX;14184293;14326135.93;4.75137587403879
chrX;1830816;1849124.16;0.869871345348656
chrX;16916359;17085522.59;4.48143045650795
chrX;8216570;8298735.7;1.840439082589
chrX;13516078;13651238.78;6.63784607546404
chrX;5183849;5235687.49;1.26919117756188
chrX;7970456;8050160.56;1.84527670964599
chrX;14968207;15117889.07;9.56502946326509
chrX;302554;305579.54;6.17886655498296
chrX;7816833;7895001.33;0.40364146232605
chrX;5746811;5804279.11;1.92560715135187
chrX;6641670;6708086.7;1.06286343419924
chrX;14662008;14808628.08;8.35098642157391
chrX;11041189;11151600.89;7.09106913069263
chrX;3676438;3713202.38;0.96279070712626
chrX;2689090;2715980.9;5.89347595814616
chrX;8521532;8606747.32;5.06660479586572
chrX;5525263;5580515.63;1.94579098839313
chrX;3626709;3662976.09;7.60302263312042
chrX;3177977;3209756.77;3.84192935889587
chrX;2102646;2123672.46;7.50669697998092
chrX;17185263;17357115.63;7.6133133051917
chrX;7191645;7263561.45;8.52592678274959
chrX;12145101;12266552.01;5.93112317612395
chrX;17372029;17545749.29;3.28664462082088
chrX;15708085;15865165.85;8.34958116291091
chrX;10956230;11065792.3;0.455170539207757
chrX;15245401;15397855.01;0.290244880598038
chrX;15983059;16142889.59;7.72512930911034
chrX;15360864;15514472.64;7.85022813826799
chrX;13503470;13638504.7;5.98522479413077
chrX;16790501;16958406.01;7.46904363157228
chrX;14204806;14346854.06;2.3063028906472
chrX;6614468;6680612.68;2.99534162273631
chrX;14208009;14350089.09;1.27268304117024
chrX;5114600;5165746;4.09909927519038
chrX;12132802;12254130.02;2.44208721676841
chrX;1555483;1571037.83;5.67527425009757
chrX;15544240;15699682.4;2.09133623633534
chrX;1152269;1163791.69;6.50619342690334
chrX;7104035;7175075.35;8.30613192170858
chrX;12021553;12141768.53;6.85210241703317
chrX;11851635;11970151.35;5.07888611406088
chrX;9598853;9694841.53;6.87396042514592
chrX;11105345;11216398.45;7.74044745834544
chrX;7821988;7900207.88;4.63304102886468
chrX;1033119;1043450.19;6.1053094570525
chrX;8982273;9072095.73;6.90134818665683
chrX;2498209;2523191.09;5.59966951375827
chrX;12629542;12755837.42;3.02318481029943
chrX;5207430;5259504.3;6.20637215906754
chrX;7074338;7145081.38;4.0352541860193
chrX;1830887;1849195.87;1.39776297379285
chrX;2847131;2875602.31;7.15403130976483
chrX;13161090;13292700.9;0.912878820672631
chrX;16155614;16317170.14;2.85831091925502
chrX;13593522;13729457.22;9.4346017530188
chrX;17655836;17832394.36;0.772947580553591
chrX;14009760;14149857.6;8.37050065398216
chrX;7227179;7299450.79;5.55170700419694
chrX;5460105;5514706.05;3.31476611783728
chrX;10622673;10728899.73;1.05815528891981
chrX;14614246;14760388.46;3.64131740294397
chrX;12489776;12614673.76;1.29936765646562
chrX;775793;783550.93;5.44489681255072
chrX;17193897;17365835.97;2.32095459476113
chrX;14472212;14616934.12;8.85614503640682
chrX;12997998;13127977.98;8.99423074442893
chrX;14947776;15097253.76;4.39040563534945
chrX;569400;575094;2.76693284744397
chrX;11287881;11400759.81;0.13163938652724
chrX;7221152;7293363.52;3.24088266585022
chrX;1136334;1147697.34;0.3150609950535
chrX;16135727;16297084.27;2.12462462717667
chrX;14892345;15041268.45;8.07873012730852
chrX;2906141;2935202.41;2.75530008366331
chrX;15589828;15745726.28;5.90236751362681
chrX;11789959;11907858.59;5.44146915897727
chrX;6744050;6811490.5;7.95065636746585
chrX;3417514;3451689.14;5.84621919551864
chrX;11898845;12017833.45;9.98301581479609
chrX;12661827;12788445.27;9.5592805580236
chrX;16580802;16746610.02;9.45632124785334
chrX;6356094;6419654.94;8.04483616957441
chrX;12046041;12166501.41;4.63244922924787
chrX;12032203;12152525.03;1.64756338344887
chrX;17050734;17221241.34;6.84463265351951
chrX;3781037;3818847.37;4.36723827617243
chrX;17402807;17576835.07;7.8850509156473
chrX;9088407;9179291.07;6.96662423200905
chrX;15049217;15199709.17;2.39924240624532
chrX;5488243;5543125.43;2.92075306177139
chrX;1693288;1710220.88;9.11730382824317
chrX;17154542;17326087.42;9.39511724049225
chrX;14731882;14879200.82;6.48300527827814
chrX;1982755;2002582.55;6.08793624211103
chrX;6891307;6960220.07;1.17050596512854
chrX;6741161;6808572.61;6.64749561576173
chrX;17031300;17201613;4.597090811003
chrX;3996444;4036408.44;1.71803544741124
chrX;3308361;3341444.61;8.01421628100798
chrX;1301519;1314534.19;7.30130550451577
chrX;8423550;8507785.5;1.28840885590762
chrX;16416564;16580729.64;7.62767860898748
chrX;4966394;5016057.94;4.73350780783221
chrX;17069367;17240060.67;6.20051386998966
chrX;4527492;4572766.92;7.51437359722331
chrX;10172862;10274590.62;6.45530799636617
chrX;646127;652588.27;6.1611887277104
chrX;4782235;4830057.35;9.26712330197915
chrX;8280696;8363502.96;2.15273055015132
chrX;748875;756363.75;3.26305878348649
chrX;5260268;5312870.68;2.54614752251655
chrX;9913844;10012982.44;5.79335696529597
chrX;9756243;9853805.43;8.14260634593666
chrX;11787921;11905800.21;5.07735347840935
chrX;7996261;8076223.61;2.43197782896459
chrX;13928174;14067455.74;5.70765271317214
chrX;4448624;4493110.24;5.96655566245318
chrX;104495;105539.95;0.549278433900327
chrX;14336866;14480234.66;9.57941530738026
chrX;2617108;2643279.08;2.61116720037535
chrX;11271376;11384089.76;9.57198901800439
chrX;16879429;17048223.29;2.3313351534307
chrX;1151441;1162955.41;9.54792511416599
chrX;15561095;15716705.95;2.77922716923058
chrX;7971166;8050877.66;5.04659436410293
chrX;8061377;8141990.77;7.0122712594457
chrX;9324249;9417491.49;7.09000434726477
chrX;15284629;15437475.29;7.01008205069229
chrX;17696201;17873163.01;7.77441147482023
chrX;2349732;2373229.32;3.21863315766677
chrX;9218639;9310825.39;2.78364325640723
chrX;6165296;6226948.96;0.588125016074628
chrX;11299246;11412238.46;5.61751979636028
chrX;1264003;1276643.03;1.0848571266979
chrX;3172025;3203745.25;8.90315404860303
chrX;4200208;4242210.08;4.49987526983023
chrX;190404;192308.04;3.33379897288978
chrX;12288831;12411719.31;9.47220829315484
chrX;13685705;13822562.05;7.26306065451354
chrX;4602829;4648857.29;8.95980601431802
chrX;17480222;17655024.22;3.6614619474858
chrX;15440345;15594748.45;8.32214135443792
chrX;5614131;5670272.31;4.30590534815565
chrX;12414996;12539145.96;5.24250653106719
chrX;14356248;14499810.48;2.15013303561136
chrX;10628058;10734338.58;9.48756605852395
chrX;1169048;1180738.48;6.86655614990741
chrX;277256;280028.56;5.24424977134913
chrX;6402803;6466831.03;6.45473602460697
chrX;5272106;5324827.06;9.15065781911835
chrX;17537445;17712819.45;8.0698092514649
chrX;15153126;15304657.26;8.48128100158647
chrX;1438056;1452436.56;0.781100448220968
chrX;9309838;9402936.38;7.09115601610392
chrX;12897549;13026524.49;0.0160169415175915
chrX;1206039;1218099.39;9.37427434138954
chrX;12951682;13081198.82;6.42969039734453
chrX;17386575;17560440.75;4.3207573867403
chrX;12396352;12520315.52;8.23463731445372
chrX;10291263;10394175.63;7.20209437422454
chrX;17026813;17197081.13;9.42679334431887
chrX;13974611;14114357.11;0.282958541065455
chrX;2948258;2977740.58;5.77959760092199
chrX;4202813;4244841.13;5.28525003464893
chrX;16042216;16202638.16;0.0119540491141379
chrX;1458589;1473174.89;3.3074547117576
chrX;11128329;11239612.29;6.22029940132052
chrX;14152997;14294526.97;0.0631713541224599
chrX;499067;504057.67;7.53960689064115
chrX;6044288;6104730.88;9.42719313781708
chrX;7823445;7901679.45;8.63260506186634
chrX;7573962;7649701.62;7.21847616136074
chrX;7709800;7786898;3.26628098497167
chrX;754777;762324.77;7.15503912419081
chrX;17295627;17468583.27;2.05085087101907
chrX;4407746;4451823.46;3.6561501165852
chrX;5813935;5872074.35;9.90444066235796
chrX;15958309;16117892.09;4.03953263070434
chrX;4935665;4985021.65;4.66312756994739
chrX;8398023;8482003.23;7.05242274561897
chrX;12260730;12383337.3;6.73543809913099
chrX;16169254;16330946.54;1.60649182740599
chrX;11521417;11636631.17;9.30159736424685
chrX;35052;35402.52;7.87361626746133
chrX;17484678;17659524.78;3.77054917858914
chrX;8800375;8888378.75;7.0625715632923
chrX;4905079;4954129.79;9.55438814824447
chrX;12572627;12698353.27;2.20467685954645
chrX;2001459;2021473.59;5.47477672575042
chrX;12907327;13036400.27;9.40571693470702
chrX;14429587;14573882.87;1.1553109716624
chrX;16860724;17029331.24;0.230441594030708
chrX;1133209;1144541.09;1.74198878929019
chrX;10591664;10697580.64;1.6575645422563
chrX;10577347;10683120.47;9.25196381984279
chrX;15363760;15517397.6;2.16034656390548
chrX;6659500;6726095;8.92627160297707
chrX;16772087;16939807.87;7.7506995969452
chrX;15129890;15281188.9;6.66481424355879
chrX;3408038;3442118.38;1.26076348358765
chrX;3538398;3573781.98;6.34136308217421
chrX;14339290;14482682.9;9.246492004022
chrX;12001791;12121808.91;9.68838701955974
chrX;3631310;3667623.1;4.06854413449764
chrX;4529615;4574911.15;5.14893622137606
chrX;15552147;15707668.47;9.71834499156103
chrX;10488467;10593351.67;9.49113116366789
chrX;15185642;15337498.42;7.0429530646652
chrX;13297748;13430725.48;7.990411024075
chrX;1327307;1340580.07;4.4704658491537
chrX;15930176;16089477.76;6.12238642992452
chrX;16777688;16945464.88;2.27569702779874
chrX;976056;985816.56;5.61061474494636
chrX;14623582;14769817.82;1.05944478418678
chrX;16131282;16292594.82;4.40171193564311
chrX;1036219;1046581.19;2.41748731117696
chrX;3714787;3751934.87;7.56374969379976
chrX;13691538;13828453.38;4.76826115977019
chrX;16825085;16993335.85;9.63277720613405
chrX;10293663;10396599.63;2.94583234470338
chrX;14158174;14299755.74;3.44669352984056
chrX;10163236;10264868.36;8.7457395484671
chrX;4155942;4197501.42;2.47252815868706
chrX;8175239;8256991.39;0.208275709301233
chrX;14246362;14388825.62;7.49919855035842
chrX;12172303;12294026.03;1.76076859002933
chrX;13870956;14009665.56;6.30559789715335
chrX;10244955;10347404.55;9.18203733395785
chrX;6686494;6753358.94;4.00890944991261
chrX;16842912;17011341.12;8.13459132332355
chrX;4034589;4074934.89;4.01380285620689
chrX;9036605;9126971.05;5.56642340729013
chrX;2311603;2334719.03;5.09580056648701
chrX;3213279;3245411.79;5.09981193579733
chrX;3855118;3893669.18;5.56424817303196
chrX;13757312;13894885.12;7.94328673742712
chrX;2577493;2603267.93;5.95003473106772
chrX;9011767;9101884.67;3.54638245655224
chrX;10329178;10432469.78;2.85386280855164
chrX;8899301;8988294.01;7.16499150265008
chrX;15315764;15468921.64;5.71961815003306
chrX;8749127;8836618.27;5.93037070706487
chrX;16159124;16320715.24;2.42301148362458
chrX;5377386;5431159.86;9.36959187500179
chrX;10249400;10351894;2.10626548854634
chrX;4716209;4763371.09;4.56356665352359
chrX;12517686;12642862.86;6.86390872579068
chrX;11922164;12041385.64;9.77368457475677
chrX;5619985;5676184.85;5.66001676954329
chrX;3481745;3516562.45;3.76307871658355
chrX;4064621;4105267.21;2.02976820757613
chrX;5219712;5271909.12;5.23830090183765
chrX;2338088;2361468.88;3.25207148678601
chrX;9880727;9979534.27;2.79675037134439
chrX;4177543;4219318.43;1.7467205808498
chrX;5589700;5645597;6.79071316029877
chrX;11983301;12103134.01;2.46465358883142
chrX;8004202;8084244.02;5.55064080981538
chrX;13167036;13298706.36;3.75099387718365
chrX;459563;464158.63;4.22462216112763
chrX;12396960;12520929.6;7.2161172167398
chrX;374136;377877.36;5.50581141607836
chrX;6961611;7031227.11;7.04618796240538
chrX;6826455;6894719.55;7.40733413491398
chrX;13496348;13631311.48;8.81454933900386
chrX;9550220;9645722.2;8.43681679107249
chrX;10379156;10482947.56;1.82760634226725
chrX;17357512;17531087.12;8.50060135126114
chrX;12578973;12704762.73;6.64582418743521
chrX;12402475;12526499.75;0.565556536894292
chrX;12956489;13086053.89;8.23142669396475
chrX;10769298;10876990.98;6.53915751492605
chrX;6154383;6215926.83;5.02215429674834
chrX;6491295;6556207.95;3.6290776822716
chrX;13065728;13196385.28;4.09357405034825
chrX;3583608;3619444.08;1.74661540426314
chrX;14657639;14804215.39;0.52582883508876
chrX;6320682;6383888.82;9.70227376790717
chrX;4180117;4221918.17;1.04240995366126
chrX;10558924;10664513.24;7.14602728141472
chrX;16057677;16218253.77;4.19048390351236
chrX;14638955;14785344.55;0.238184032496065
chrX;16411892;16576010.92;2.95763008994982
chrX;13625537;13761792.37;6.34588398970664
chrX;10719472;10826666.72;2.51987573457882
chrX;16245626;16408082.26;1.19600892532617
chrX;17434806;17609154.06;1.09581590630114
chrX;16332883;16496211.83;4.87470842665061
chrX;267753;270430.53;8.23201286606491
chrX;16331084;16494394.84;2.85731181036681
chrX;10075617;10176373.17;2.28196018375456
chrX;3008230;3038312.3;3.64164927741513
chrX;11542723;11658150.23;9.79964771773666
chrX;16521689;16686905.89;8.71073663700372
chrX;5185201;5237053.01;0.485715274699032
chrX;2535667;2561023.67;6.34763293899596
chrX;12239152;12361543.52;7.57834860589355
chrX;10526632;10631898.32;2.15316771762446
chrX;4074103;4114844.03;8.21190356044099
chrX;14189028;14330918.28;7.40174067439511
chrX;1695135;1712086.35;2.03591073630378
chrX;4597274;4643246.74;8.63265892257914
chrX;11619685;11735881.85;2.53091519931331
chrX;16975504;17145259.04;8.90294428216294
chrX;2348983;2372472.83;5.5842738552019
chrX;1599719;1615716.19;4.23296502791345
chrX;10343370;10446803.7;5.83129035076127
chrX;2833377;2861710.77;3.34596769418567
chrX;4164241;4205883.41;4.88200817722827
chrX;13078141;13208922.41;9.39177247695625
chrX;9636805;9733173.05;7.34173556324095
chrX;10989145;11099036.45;6.06649117078632
chrX;15362036;15515656.36;1.78239953005686
chrX;10019463;10119657.63;0.42386939516291
chrX;11121595;11232810.95;0.553692120593041
chrX;6602843;6668871.43;4.63431515730918
chrX;16746115;16913576.15;3.29153551487252
chrX;6130432;6191736.32;3.23306837584823
chrX;16731048;16898358.48;9.49141564313322
chrX;14417020;14561190.2;2.41755645722151
chrX;2739038;2766428.38;9.23969770316035
chrX;1449927;1464426.27;6.95731624029577
chrX;13374840;13508588.4;6.85941188596189
chrX;2123470;2144704.7;9.54378637718037
chrX;11271077;11383787.77;5.51194267347455
chrX;13919009;14058199.09;9.66057482175529
chrX;637791;644168.91;5.78480598749593
chrX;9309361;9402454.61;0.44027442112565
chrX;15018605;15168791.05;1.97777598630637
chrX;15013969;15164108.69;3.79792203428224
chrX;4111883;4153001.83;0.603795337956399
chrX;3467378;3502051.78;3.32471385365352
chrX;10200442;10302446.42;2.90003697620705
chrX;5418921;5473110.21;1.26705995760858
chrX;14700361;14847364.61;0.816240126732737
chrX;17256265;17428827.65;8.57554380549118
chrX;6271623;6334339.23;7.2826046240516
chrX;9357775;9451352.75;3.10530288843438
chrX;402984;407013.84;2.61350440327078
chrX;3595098;3631048.98;3.40531336842105
chrX;2774024;2801764.24;7.35320434439927
chrX;7914271;7993413.71;0.939419157803059
chrX;1195545;1207500.45;6.71676223399118
chrX;17520948;17696157.48;3.85202155914158
chrX;16658695;16825281.95;8.7645157892257
chrX;6860424;6929028.24;8.01734535489231
chrX;13851134;13989645.34;0.727159429807216
chrX;2455047;2479597.47;8.24541466776282
chrX;8799920;8887919.2;3.03101324476302
chrX;14610270;14756372.7;0.539788275491446
chrX;10551690;10657206.9;3.76330390572548
chrX;7600289;7676291.89;1.54566473327577
chrX;16372228;16535950.28;6.47280080709606
chrX;13716605;13853771.05;9.96248310431838
chrX;2829602;2857898.02;8.77490732586011
chrX;6686373;6753236.73;3.51597556145862
chrX;13578478;13714262.78;3.77979983109981
chrX;4619474;4665668.74;7.16166105354205
chrX;9455447;9550001.47;8.77826844574884
chrX;6969765;7039462.65;9.51305491384119
chrX;9311666;9404782.66;4.67091596219689
chrX;6772011;6839731.11;0.865546665154398
chrX;1119939;1131138.39;2.33300642808899
chrX;433274;437606.74;0.762061264831573
chrX;9565102;9660753.02;9.39045213861391
chrX;15918898;16078086.98;7.13630886748433
chrX;16164951;16326600.51;8.41440598247573
chrX;4683865;4730703.65;9.95795325143263
chrX;15524418;15679662.18;1.05134067358449
chrX;388577;392462.77;9.81030324939638
chrX;13028968;13159257.68;5.98622468532994
chrX;2915026;2944176.26;8.2584855123423
chrX;19254;19446.54;0.163482062052935
chrX;1484489;1499333.89;1.83034730609506
chrX;15047336;15197809.36;8.7031329725869
chrX;262094;264714.94;0.339954039081931
chrX;1875377;1894130.77;3.18293120712042
chrX;11813616;11931752.16;7.49522293917835
chrX;13455518;13590073.18;6.2782805133611
chrX;11966525;12086190.25;6.16236371453852
chrX;17076038;17246798.38;0.0681712408550084
chrX;9798321;9896304.21;0.289295176044107
chrX;17556136;17731697.36;2.38790082279593
chrX;11082472;11193296.72;7.42712718434632
chrX;1014286;1024428.86;7.30165991233662
chrX;14948719;15098206.19;3.20218613836914
chrX;563886;569524.86;7.0809151395224
chrX;6478938;6543727.38;7.4515313282609
chrX;17569114;17744805.14;2.40704863797873
chrX;16619194;16785385.94;5.59958647703752
chrX;4443170;4487601.7;0.424978027585894
chrX;3392231;3426153.31;1.605511859525
chrX;14041052;14181462.52;0.418703663162887
chrX;8824651;8912897.51;5.63707476016134
chrX;1945363;1964816.63;9.87197599140927
chrX;10111172;10212283.72;4.004658870399
chrX;14890211;15039113.11;7.70662997616455
chrX;10269551;10372246.51;0.809024590998888
chrX;14413539;14557674.39;8.41246192343533
chrX;12194055;12315995.55;4.5495113870129
chrX;3883695;3922531.95;1.33161241654307
chrX;7332347;7405670.47;1.72146955505013
chrX;8946968;9036437.68;2.40973660256714
chrX;16904391;17073434.91;6.66349574457854
chrX;12324937;12448186.37;7.92519619455561
chrX;13608843;13744931.43;5.57267917785794
chrX;14310640;14453746.4;5.875099087134
chrX;1493188;1508119.88;5.40844273753464
chrX;12269076;12391766.76;7.81705944566056
chrX;12757662;12885238.62;9.06664606416598
chrX;10100863;10201871.63;1.66510273003951
chrX;11648009;11764489.09;3.19448288762942
chrX;17914;18093.14;7.74777088314295
chrX;628268;634550.68;9.86343542812392
chrX;11585488;11701342.88;6.15389951271936
chrX;13154427;13285971.27;5.78713287133724
chrX;5620676;5676882.76;8.45125621883199
chrX;5548748;5604235.48;2.0879150624387
chrX;14721862;14869080.62;7.42400720482692
chrX;3454563;3489108.63;7.06387157319114
chrX;10561739;10667356.39;9.49832230340689
chrX;5648701;5705188.01;8.92398660071194
chrX;15291782;15444699.82;9.54619414871559
chrX;2590157;2616058.57;4.08037500223145
chrX;8794280;8882222.8;4.15577164618298
chrX;4956206;5005768.06;8.00976489204913
chrX;2097532;2118507.32;4.18280839920044
chrX;450580;455085.8;4.18303643353283
chrX;16752745;16920272.45;4.73111768485978
chrX;634361;640704.61;7.28414239361882
chrX;16810644;16978750.44;1.34638730203733
chrX;1611471;1627585.71;5.62223507789895
chrX;4113277;4154409.77;0.0134564749896526
chrX;1614164;1630305.64;5.53119272226468
chrX;14056368;14196931.68;3.55056618573144
chrX;13824430;13962674.3;3.74171820934862
chrX;10476790;10581557.9;9.45085439365357
chrX;542763;548190.63;6.24772413866594
chrX;14780690;14928496.9;7.24143207073212
chrX;10018273;10118455.73;4.56012383569032
chrX;3664041;3700681.41;8.5727846622467
chrX;9505744;9600801.44;4.86719497479498
chrX;4689202;4736094.02;6.42061260063201
chrX;12476306;12601069.06;9.97321730013937
chrX;636088;642448.88;6.11863483441994
chrX;4292379;4335302.79;4.39123937161639
chrX;9849639;9948135.39;5.97086439840496
chrX;10057626;10158202.26;6.62757955491543
chrX;13395166;13529117.66;7.02242100611329
chrX;16794138;16962079.38;5.21145536564291
chrX;2855521;2884076.21;4.01802805019543
chrX;682486;689310.86;6.23638216871768
chrX;1134286;1145628.86;6.71924719586968
chrX;17491606;17666522.06;1.31707837339491
chrX;1170199;1181900.99;4.31328979786485
chrX;10100658;10201664.58;2.9175777733326
chrX;997992;1007971.92;1.13328266888857
chrX;4913697;4962833.97;8.29788353526965
chrX;9856745;9955312.45;2.20312640769407
chrX;215178;217329.78;7.49919008463621
chrX;10880661;10989467.61;3.75070638488978
chrX;14314063;14457203.63;6.15636153612286
chrX;8555443;8640997.43;8.27126728137955
chrX;16077600;16238376;8.05023203138262
chrX;3505946;3541005.46;1.26488406676799
chrX;11664067;11780707.67;7.35252240905538
chrX;17109903;17281002.03;4.82627544086427
chrX;13092609;13223535.09;9.77972473949194
chrX;1411608;1425724.08;9.21350219286978
chrX;2447119;2471590.19;4.53127517364919
chrX;7489095;7563985.95;6.86195065034553
chrX;4377912;4421691.12;0.332553596235812
chrX;13726435;13863699.35;9.46575713343918
chrX;9482155;9576976.55;6.16714432137087
chrX;16686143;16853004.43;9.52551279449835
chrX;14578694;14724480.94;8.20903179468587
chrX;16941237;17110649.37;9.01128746336326
chrX;8338925;8422314.25;2.14102111989632
chrX;14466424;14611088.24;1.16030921926722
chrX;14554051;14699591.51;3.96374053088948
chrX;10689444;10796338.44;9.30797294480726
chrX;16791564;16959479.64;5.64267564332113
chrX;11184037;11295877.37;5.80409220885485
chrX;16623143;16789374.43;4.76048724493012
chrX;16798384;16966367.84;8.19790214300156
chrX;15235002;15387352.02;9.47990641463548
chrX;16131273;16292585.73;9.35731502249837
chrX;13517600;13652776;3.92577437916771
chrX;5751326;5808839.26;8.26153835980222
chrX;16639153;16805544.53;7.94119153171778
chrX;9276833;9369601.33;2.0871701464057
chrX;5695878;5752836.78;8.67994636530057
chrX;4185360;4227213.6;0.691731642000377
chrX;7127593;7198868.93;8.13264426309615
chrX;2765931;2793590.31;8.96591830532998
chrX;10384425;10488269.25;0.162429970223457
chrX;1682652;1699478.52;4.69995182938874
chrX;1252584;1265109.84;1.2763986736536
chrX;10361724;10465341.24;2.03274254221469
chrX;1197099;1209069.99;1.86516979243606
chrX;2723364;2750597.64;9.40014217747375
chrX;6811422;6879536.22;2.41340227657929
chrX;10767192;10874863.92;2.63990777079016
chrX;4102676;4143702.76;9.03452744707465
chrX;5810822;5868930.22;4.88923638360575
chrX;10942097;11051517.97;0.402380703017116
chrX;2068052;2088732.52;1.42125285463408
chrX;3931785;3971102.85;7.62479029828683
chrX;8045956;8126415.56;9.28468241821975
chrX;14435755;14580112.55;6.344635093119
chrX;287882;290760.82;9.84728770563379
chrX;6827416;6895690.16;5.4312887461856
chrX;8682301;8769124.01;8.89231628971174
chrX;664812;671460.12;0.0768193299882114
chrX;6117360;6178533.6;7.87203521002084
chrX;3365483;3399137.83;4.92550692288205
chrX;11210765;11322872.65;1.5080564818345
chrX;2357532;2381107.32;7.11534830275923
chrX;2892794;2921721.94;6.93872202420607
chrX;945912;955371.12;7.68256164854392
chrX;10452828;10557356.28;2.27382820332423
chrX;1977677;1997453.77;8.89842202886939
chrX;2928032;2957312.32;3.26875860337168
chrX;4567868;4613546.68;5.30866590561345
chrX;11977587;12097362.87;0.961101842112839
chrX;425602;429858.02;5.61520387185738
chrX;2010858;2030966.58;7.63800675282255
chrX;1581404;1597218.04;0.380199081264436
chrX;7491842;7566760.42;5.82797318464145
chrX;3903757;3942794.57;6.03044596500695
chrX;15687311;15844184.11;3.15941305365413
chrX;14084993;14225842.93;1.31859426386654
chrX;610799;616906.99;5.11875384720042
chrX;4069808;4110506.08;4.33703202055767
chrX;14120888;14262096.88;8.32293873419985
chrX;14852932;15001461.32;9.51600291999057
chrX;15326848;15480116.48;0.0438363780267537
chrX;825918;834177.18;6.5362423309125
chrX;4425352;4469605.52;4.62436092784628
chrX;11617694;11733870.94;7.85433794604614
chrX;1048326;1058809.26;6.05860929004848
chrX;4477546;4522321.46;5.24729188764468
chrX;3600011;3636011.11;0.559953604824841
chrX;582363;588186.63;3.22762218071148
chrX;13389737;13523634.37;4.97409198665991
chrX;3700790;3737797.9;1.20599972316995
chrX;14484683;14629529.83;0.251418731641024
chrX;5069434;5120128.34;3.86953873559833
chrX;13449312;13583805.12;9.00897221406922
chrX;13037981;13168360.81;3.39444139972329
chrX;3781269;3819081.69;3.05878339568153
chrX;7494927;7569876.27;6.38068521628156
chrX;9309865;9402963.65;0.482605304569006
chrX;5265732;5318389.32;9.77842882508412
chrX;17203752;17375789.52;4.33740312932059
chrX;8293613;8376549.13;8.66152888163924
chrX;7672789;7749516.89;2.00688730925322
chrX;6933053;7002383.53;4.51377055607736
chrX;11418310;11532493.1;6.32833828451112
chrX;6681585;6748400.85;7.68451318144798
chrX;4045741;4086198.41;3.71977722272277
chrX;4923070;4972300.7;9.8725303215906
chrX;11299586;11412581.86;8.93302082549781
chrX;14600915;14746924.15;6.09951676800847
chrX;7254778;7327325.78;8.52873897179961
chrX;6717338;6784511.38;2.03290455974638
chrX;6291892;6354810.92;9.16643776465207
chrX;5999576;6059571.76;4.00246567092836
chrX;12435839;12560197.39;8.31591669470072
chrX;3448157;3482638.57;9.50396322645247
chrX;4129368;4170661.68;4.77192926686257
chrX;11389307;11503200.07;0.0751034985296428
chrX;778496;786280.96;6.86435857322067
chrX;8699498;8786492.98;6.47061666473746
chrX;8233199;8315530.99;0.23849458200857
chrX;6749097;6816587.97;4.18744070222601
chrX;7562084;7637704.84;5.89639238314703
chrX;1936310;1955673.1;5.35346099408343
chrX;4038430;4078814.3;8.65474296500906
chrX;1771538;1789253.38;7.98942858818919
chrX;15457895;15612473.95;6.52127869892865
chrX;7776275;7854037.75;9.56672582542524
chrX;16715330;16882483.3;0.189325788524002
chrX;13907701;14046778.01;7.43494980502874
chrX;1379310;1393103.1;6.89139608992264
chrX;356027;359587.27;7.30083118658513
chrX;2033771;2054108.71;8.27371900202707
chrX;4576170;4621931.7;5.18870069412515
chrX;4378973;4422762.73;7.942074383609
chrX;11433323;11547656.23;9.49762509902939
chrX;4650005;4696505.05;4.05874108662829
chrX;11770440;11888144.4;4.28035650169477
chrX;15222272;15374494.72;9.96958356816322
chrX;16433153;16597484.53;8.74024489428848
chrX;6027062;6087332.62;3.67115484550595
chrX;2920320;2949523.2;1.91748606972396
chrX;6168519;6230204.19;9.89558402681723
chrX;11341098;11454508.98;4.69465088332072
chrX;12401918;12525937.18;9.1492806840688
chrX;6591144;6657055.44;0.325723178684711
chrX;8513342;8598475.42;9.21189689310268
chrX;1921043;1940253.43;5.2726805373095
chrX;17207503;17379578.03;7.5621517538093
chrX;6843631;6912067.31;2.84345387248322
chrX;3434076;3468416.76;7.32761281076819
chrX;4120786;4161993.86;6.59562543500215
chrX;11977007;12096777.07;1.06306307949126
chrX;13714715;13851862.15;0.0898765679448843
chrX;15771612;15929328.12;7.90385937085375
chrX;10480725;10585532.25;2.02771531185135
chrX;11681559;11798374.59;6.9355202652514
chrX;578182;583963.82;0.923710728529841
chrX;2825454;2853708.54;6.40647910069674
chrX;14729357;14876650.57;5.26052715955302
chrX;16794399;16962342.99;1.10495167318732
chrX;6351187;6414698.87;5.24095180211589
chrX;9439948;9534347.48;3.3453133655712
chrX;15453693;15608229.93;7.01578228035942
chrX;15875816;16034574.16;3.48054952919483
chrX;17398031;17572011.31;5.72677848860622
chrX;12315382;12438535.82;1.79329450242221
chrX;6699731;6766728.31;9.40078279934824
chrX;9998035;10098015.35;6.14553212421015
chrX;10222389;10324612.89;7.243172142189
chrX;16548673;16714159.73;7.15492442017421
chrX;12927337;13056610.37;4.40982853993773
chrX;4790586;4838491.86;2.17727081850171
chrX;17433539;17607874.39;5.77623185468838
chrX;5034431;5084775.31;5.99730125395581
chrX;14315943;14459102.43;8.51949509466067
chrX;3848694;3887180.94;2.24615421378985
chrX;5171739;5223456.39;0.893295207060874
chrX;12749413;12876907.13;7.6987903076224
chrX;5087722;5138599.22;2.72808795562014
chrX;10526467;10631731.67;1.8861624202691
chrX;4207428;4249502.28;6.71324369730428
chrX;16259095;16421685.95;3.21964877424762
chrX;11164615;11276261.15;6.23503328766674
chrX;1615317;1631470.17;2.58531865198165
chrX;12972272;13101994.72;1.20071908459067
chrX;51595;52110.95;8.34863321855664
chrX;10420905;10525114.05;3.55707291979343
chrX;609775;615872.75;7.32709270901978
chrX;8719183;8806374.83;2.14986237930134
chrX;17297050;17470020.5;2.24128243979067
chrX;8511083;8596193.83;2.17637390596792
chrX;15126772;15278039.72;5.27779799420387
chrX;5010512;5060617.12;7.50366075895727
chrX;9751460;9848974.6;2.51761910738423
chrX;3367578;3401253.78;9.38828471349552
chrX;1930079;1949379.79;4.08323618816212
chrX;1609282;1625374.82;6.83319742325693
chrX;3427367;3461640.67;1.19421212235466
chrX;6585267;6651119.67;3.3895847434178
chrX;64752;65399.52;5.69701796863228
chrX;15227088;15379358.88;3.89862183481455
chrX;3046737;3077204.37;3.45398182747886
chrX;959095;968685.95;8.44052879605442
chrX;1894783;1913730.83;2.82644742634147
chrX;2876778;2905545.78;3.69429038371891
chrX;14910949;15060058.49;1.35933418525383
chrX;2341305;2364718.05;7.40706916432828
chrX;13340668;13474074.68;9.50792785035446
chrX;1295594;1308549.94;9.17439117329195
chrX;13257566;13390141.66;8.89028125209734
chrX;17651779;17828296.79;7.08347406703979
chrX;3388501;3422386.01;6.47803307278082
chrX;7004008;7074048.08;6.95703721838072
chrX;15575083;15730833.83;7.32525244355202
chrX;17550826;17726334.26;8.199555601459
chrX;7946053;8025513.53;6.35764294303954
chrX;10650648;10757154.48;6.80761614348739
chrX;7837284;7915656.84;3.15303844632581
chrX;5520034;5575234.34;5.25500899646431
chrX;13291925;13424844.25;8.33322068210691
chrX;14588344;14734227.44;5.37430380703881
chrX;16106825;16267893.25;3.79005340626463
chrX;9967644;10067320.44;0.213835053145885
chrX;3209478;3241572.78;9.9984439346008
chrX;5258379;5310962.79;7.98112903954461
chrX;13636055;13772415.55;5.31296095112339
chrX;6699321;6766314.21;3.36209394270554
chrX;7277781;7350558.81;6.58289436483756
chrX;7616108;7692269.08;4.51313716126606
chrX;5628107;5684388.07;7.23535797325894
chrX;6420386;6484589.86;4.14866612292826
chrX;17412526;17586651.26;8.75921588623896
chrX;9105396;9196449.96;7.44753348175436
chrX;2127143;2148414.43;3.7292186007835
chrX;16698010;16864990.1;5.83741418551654
chrX;1505451;1520505.51;7.64714974211529
chrX;13808844;13946932.44;1.00846485001966
chrX;13908303;14047386.03;5.87951538152993
chrX;1149158;1160649.58;0.244424433913082
chrX;16973823;17143561.23;9.42690023919567
chrX;2988095;3017975.95;5.36001252243295
chrX;5219413;5271607.13;3.96146940998733
chrX;3600835;3636843.35;8.20136059541255
chrX;15478999;15633788.99;7.1817184984684
chrX;7149472;7220966.72;1.14666623994708
chrX;14452409;14596933.09;3.84067697450519
chrX;13974702;14114449.02;6.0546993999742
chrX;6234999;6297348.99;6.10559525899589
chrX;13335945;13469304.45;9.31624789256603
chrX;1052733;1063260.33;2.67747207079083
chrX;10059300;10159893;3.55940907727927
chrX;15087094;15237964.94;4.34440082637593
chrX;16926140;17095401.4;4.3364460603334
chrX;7796280;7874242.8;7.29831747943535
chrX;13673310;13810043.1;5.00579319428653
chrX;9196116;9288077.16;5.455340098124
chrX;2507341;2532414.41;3.65152800921351
chrX;4996276;5046238.76;3.54510635370389
chrX;6734739;6802086.39;4.4360017310828
chrX;7947120;8026591.2;8.8129048072733
chrX;15626625;15782891.25;4.67416489263997
chrX;3171623;3203339.23;6.19669228792191
chrX;15768561;15926246.61;8.9468348142691
chrX;886227;895089.27;2.17582736397162
chrX;17040873;17211281.73;7.03435975126922
chrX;14708761;14855848.61;0.193806518800557
chrX;4207977;4250056.77;0.158052837941796
chrX;527525;532800.25;2.39000447792932
chrX;2689598;2716493.98;1.07635852647945
chrX;11099784;11210781.84;9.49389559449628
chrX;1101521;1112536.21;6.9584571220912
chrX;15087509;15238384.09;5.70957173127681
chrX;7643009;7719439.09;3.57297099661082
chrX;3367778;3401455.78;1.69535917695612
chrX;9267554;9360229.54;1.55134426429868
chrX;6878870;6947658.7;1.87201030785218
chrX;11562878;11678506.78;2.46835355646908
chrX;10025266;10125518.66;9.24902470083907
chrX;4623154;4669385.54;9.83712376328185
chrX;11365016;11478666.16;6.01605393458158
chrX;14711709;14858826.09;5.82726080203429
chrX;752984;760513.84;6.09621836338192
chrX;9414335;9508478.35;4.83232183149084
chrX;3114200;3145342;9.35996652115136
chrX;16947674;17117150.74;3.28931422438473
chrX;4611400;4657514;8.23837345931679
chrX;15739845;15897243.45;8.84838169440627
chrX;15024501;15174746.01;0.765098424162716
chrX;3973850;4013588.5;9.51327984919772
chrX;4166248;4207910.48;6.8606452527456
chrX;13839644;13978040.44;6.05845846701413
chrX;12470755;12595462.55;6.84258006513119
chrX;4919861;4969059.61;6.40190008329228
chrX;17246133;17418594.33;5.31974860234186
chrX;6286148;6349009.48;0.289709463249892
chrX;8174203;8255945.03;4.43858342710882
chrX;2800357;2828360.57;1.85290187830105
chrX;11705429;11822483.29;1.47766868118197
chrX;81729;82546.29;3.80412580212578
chrX;5107730;5158807.3;1.09423098387197
chrX;145608;147064.08;8.49700168706477
chrX;12308142;12431223.42;3.3021336235106
chrX;1682563;1699388.63;4.14824644802138
chrX;13565559;13701214.59;8.60718944342807
chrX;6444907;6509356.07;3.70151279959828
chrX;7138735;7210122.35;0.754965499509126
chrX;7307773;7380850.73;1.29971839487553
chrX;16509218;16674310.18;0.639159821439534
chrX;8504596;8589641.96;8.26620758743957
chrX;9317225;9410397.25;9.82383265160024
chrX;2716554;2743719.54;4.67147199669853
chrX;7169275;7240967.75;0.855747547466308
chrX;17128634;17299920.34;0.803788879420608
chrX;8047540;8128015.4;1.68979892740026
chrX;10069450;10170144.5;2.30563606834039
chrX;1813346;1831479.46;5.73514083400369
chrX;12591840;12717758.4;6.45224774023518
chrX;826500;834765;4.79008822934702
chrX;17257429;17430003.29;8.52668185718358
chrX;2736060;2763420.6;1.40163675649092
chrX;7471638;7546354.38;9.84988786047325
chrX;3007021;3037091.21;6.39209795277566
chrX;4644394;4690837.94;7.19516044249758
chrX;10164428;10266072.28;8.16381629556418
chrX;8370543;8454248.43;9.69520563725382
chrX;16320660;16483866.6;9.86883497098461
chrX;2773775;2801512.75;8.18784275092185
chrX;15852036;16010556.36;5.11631126748398
chrX;6383938;6447777.38;3.4925490245223
chrX;1672282;1689004.82;6.22140397317708
chrX;151784;153301.84;4.11963798338547
chrX;5683630;5740466.3;2.65244790585712
chrX;110860;111968.6;1.67827168945223
chrX;11823661;11941897.61;2.68950909376144
chrX;5142523;5193948.23;3.48428333876655
chrX;2253332;2275865.32;0.327683598734438
chrX;14636046;14782406.46;5.78879775945097
chrX;10558612;10664198.12;0.736431600525975
chrX;7990825;8070733.25;9.52158127678558
chrX;14513837;14658975.37;3.11848066048697
chrX;207926;210005.26;2.65427200589329
chrX;13038745;13169132.45;7.67965280683711
chrX;13655829;13792387.29;5.15658032847568
chrX;4626616;4672882.16;8.55837750714272
chrX;4063491;4104125.91;7.38721741829068
chrX;11525525;11640780.25;5.20329535473138
chrX;1642405;1658829.05;2.66467452282086
chrX;15993518;16153453.18;7.9379751207307
chrX;5993967;6053906.67;1.60808611894026
chrX;5766941;5824610.41;0.0690279668197036
chrX;10060799;10161406.99;0.718934326432645
chrX;4263934;4306573.34;6.85333098983392
chrX;13023174;13153405.74;1.12243715208024
chrX;6617858;6684036.58;6.46277596941218
chrX;1493255;1508187.55;7.96554017579183
chrX;5830257;5888559.57;0.445492933504283
chrX;428100;432381;3.60309414099902
chrX;2464603;2489249.03;0.254381496924907
chrX;1728737;1746024.37;6.66371458908543
chrX;3618502;3654687.02;0.831784759648144
chrX;4912424;4961548.24;6.57231536926702
chrX;12548505;12673990.05;9.0271803131327
chrX;12780762;12908569.62;1.64449617033824
chrX;9574918;9670667.18;8.9958340418525
chrX;6098955;6159944.55;7.78407358098775
chrX;4006649;4046715.49;0.553445669356734
chrX;6976491;7046255.91;7.06129280151799
chrX;137976;139355.76;0.549159261863679
chrX;12036584;12156949.84;2.84358729841188
chrX;13406150;13540211.5;1.3976818183437
chrX;1052885;1063413.85;5.35423235967755
chrX;14802469;14950493.69;5.32877378631383
chrX;3178000;3209780;9.010088914074
chrX;2535897;2561255.97;4.71169481286779
chrX;10267753;10370430.53;9.39016497926787
chrX;1374350;1388093.5;5.89844656875357
chrX;5804475;5862519.75;0.620260431896895
chrX;17711188;17888299.88;7.66302434494719
chrX;15091468;15242382.68;9.50116992695257
chrX;12744579;12872024.79;3.49656499922276
chrX;10613728;10719865.28;4.7745650797151
chrX;10998057;11108037.57;9.70015522092581
chrX;10998717;11108704.17;4.33950097067282
chrX;12025014;12145264.14;1.78241885034367
chrX;1748594;1766079.94;3.20166902849451
chrX;1159329;1170922.29;8.25714390026406
chrX;13780210;13918012.1;0.0470821349881589
chrX;8581573;8667388.73;4.2432949016802
chrX;8580986;8666795.86;6.82339052902535
chrX;15081206;15232018.06;0.17976633971557
chrX;935334;944687.34;5.58729454409331
chrX;1473504;1488239.04;1.12118871184066
chrX;14359796;14503393.96;2.10111746797338
chrX;3328218;3361500.18;0.603420878760517
chrX;8829606;8917902.06;4.48261190438643
chrX;6562667;6628293.67;2.10014773299918
chrX;14799625;14947621.25;3.43853256898001
chrX;4466810;4511478.1;0.623126388527453
chrX;8972797;9062524.97;4.47133022127673
chrX;15681933;15838752.33;9.55282379640266
chrX;13231672;13363988.72;6.59512005513534
chrX;3825556;3863811.56;6.33067516842857
chrX;6167015;6228685.15;1.78276858059689
chrX;13065790;13196447.9;0.282062827609479
chrX;8031986;8112305.86;6.5140761830844
chrX;12935086;13064436.86;8.4445071220398
chrX;12995135;13125086.35;2.00315843801945
chrX;14536569;14681934.69;8.31270178081468
chrX;11588927;11704816.27;8.05759920040146
chrX;7269298;7341990.98;7.70758676109836
chrX;12089985;12210884.85;3.89221149263904
chrX;4783380;4831213.8;3.71692080749199
chrX;14121241;14262453.41;0.702568388078362
chrX;15669679;15826375.79;5.49911802168936
chrX;1459150;1473741.5;5.43313867645338
chrX;756838;764406.38;2.99616318196058
chrX;13049356;13179849.56;2.75423297891393
chrX;1681565;1698380.65;9.35319425538182
chrX;4582489;4628313.89;5.18190626753494
chrX;10880625;10989431.25;3.69804847985506
chrX;6622560;6688785.6;5.99577716784552
chrX;8425003;8509253.03;3.36789693217725
chrX;9721896;9819114.96;4.13680040743202
chrX;5115025;5166175.25;5.54468885995448
chrX;7508997;7584086.97;7.31616326607764
chrX;805539;813594.39;8.59232110902667
chrX;4631564;4677879.64;7.0967432577163
chrX;17315659;17488815.59;8.20938751101494
chrX;11395155;11509106.55;9.72484396304935
chrX;1192266;1204188.66;5.64166943542659
chrX;6457087;6521657.87;4.98892934760079
chrX;6379044;6442834.44;8.73826670926064
chrX;10521601;10626817.01;8.25785781489685
chrX;6417201;6481373.01;4.41662138560787
chrX;4236818;4279186.18;4.67071611667052
chrX;16595367;16761320.67;1.67105242842808
chrX;15557358;15712931.58;0.46321576461196
chrX;16000169;16160170.69;5.22768432274461
chrX;8955343;9044896.43;2.24170319270343
chrX;17089761;17260658.61;7.32012884924188
chrX;5223938;5276177.38;3.13072512857616
chrX;8348578;8432063.78;5.51363551523536
chrX;998210;1008192.1;7.1946548181586
chrX;9997314;10097287.14;1.72770236618817
chrX;610370;616473.7;3.51918445900083
chrX;9855908;9954467.08;2.73675687378272
chrX;12412022;12536142.22;2.4116525799036
chrX;6652343;6718866.43;9.78611016180366
chrX;16534915;16700264.15;9.03174608247355
chrX;336768;340135.68;1.53828414622694
chrX;6109716;6170813.16;0.0565914530307055
chrX;10578731;10684518.31;6.5226591611281
chrX;15042406;15192830.06;0.185295564588159
chrX;6677773;6744550.73;8.72718402184546
chrX;2092656;2113582.56;7.69288319861516
chrX;16946902;17116371.02;8.26035773847252
chrX;7906762;7985829.62;1.08285174472258
chrX;5773510;5831245.1;7.75372424162924
chrX;8388878;8472766.78;9.85769979190081
chrX;12754032;12881572.32;6.74576830351725
chrX;12029363;12149656.63;6.39598303241655
chrX;298646;301632.46;4.98175173532218
chrX;4378848;4422636.48;1.52130247326568
chrX;6767816;6835494.16;2.81414257362485
chrX;9299521;9392516.21;9.19891212368384
chrX;12122511;12243736.11;0.204263562336564
chrX;2226661;2248927.61;0.270146417897195
chrX;2446541;2471006.41;3.49102537846193
chrX;5301361;5354374.61;7.02263672137633
chrX;12893212;13022144.12;0.866910570766777
chrX;12157397;12278970.97;8.6662285681814
chrX;10060974;10161583.74;9.84244648599997
chrX;9087343;9178216.43;4.21591814374551
chrX;8812117;8900238.17;4.68158046947792
chrX;9206788;9298855.88;2.62258118949831
chrX;15860950;16019559.5;6.70466762734577
chrX;11200533;11312538.33;5.75791990151629
chrX;1654586;1671131.86;9.33268025750294
chrX;11823874;11942112.74;4.25875559914857
chrX;9220505;9312710.05;5.96108635189012
chrX;10563154;10668785.54;8.05064990650863
chrX;11251088;11363598.88;1.91236038459465
chrX;8551704;8637221.04;8.227606380824
chrX;12048088;12168568.88;6.4135330542922
chrX;4051457;4091971.57;8.85697871912271
chrX;8976513;9066278.13;7.19437660183758
chrX;16325285;16488537.85;3.2009424478747
chrX;14500958;14645967.58;7.08325413288549
chrX;2157522;2179097.22;6.01536568952724
chrX;4057503;4098078.03;1.96502417325974
chrX;1944950;1964399.5;4.30561795365065
chrX;14935521;15084876.21;0.821353674400598
chrX;8679427;8766221.27;2.9569495934993
chrX;14611057;14757167.57;5.15486400574446
chrX;3034500;3064845;9.66836508363485
chrX;584488;590332.88;6.95815221406519
chrX;13767889;13905567.89;1.66281219804659
chrX;16193841;16355779.41;7.0830911397934
chrX;14765969;14913628.69;2.87051207618788
chrX;9643028;9739458.28;2.04348005820066
chrX;6075848;6136606.48;9.94224672671407
chrX;16291952;16454871.52;4.48357641231269
chrX;3070837;3101545.37;8.05221579736099
chrX;11042633;11153059.33;3.17951466888189
chrX;910384;919487.84;9.55283081391826
chrX;5994483;6054427.83;3.54749647434801
chrX;12089082;12209972.82;5.35167981404811
chrX;10389494;10493388.94;5.1621755072847
chrX;3215926;3248085.26;9.43391751730815
chrX;13867345;14006018.45;8.00646382849664
chrX;11890300;12009203;2.24177077412605
chrX;16224826;16387074.26;1.9856527610682
chrX;2494534;2519479.34;6.34967578575015
chrX;1233708;1246045.08;5.72705582715571
chrX;12573255;12698987.55;8.40140169020742
chrX;11339638;11453034.38;5.48487449064851
chrX;13921326;14060539.26;5.73005301645026
chrX;1083262;1094094.62;0.863785690162331
chrX;15807797;15965874.97;4.49352937517688
chrX;4821419;4869633.19;8.57915410771966
chrX;7939519;8018914.19;2.42270129499957
chrX;10230174;10332475.74;8.98706458508968
chrX;3462785;3497412.85;1.9959139614366
chrX;349286;352778.86;2.23798353923485
chrX;6983392;7053225.92;6.61468445090577
chrX;11981899;12101717.99;2.23888715961948
chrX;17331811;17505129.11;6.04467603843659
chrX;2906928;2935997.28;9.29336591623724
chrX;1959249;1978841.49;6.60305857192725
chrX;4024756;4065003.56;2.36808577319607
chrX;6051550;6112065.5;7.85419891122729
chrX;16922578;17091803.78;8.30447498243302
chrX;16587020;16752890.2;4.22836455283687
chrX;17589809;17765707.09;3.11176612973213
chrX;16315535;16478690.35;7.80712851556018
chrX;17688119;17865000.19;2.86415309412405
chrX;10057036;10157606.36;9.21162065118551
chrX;13589043;13724933.43;2.57738879416138
chrX;17164258;17335900.58;0.0640163803473115
chrX;4624348;4670591.48;3.94873868906871
chrX;10966228;11075890.28;2.25676222704351
chrX;3589558;3625453.58;9.71733860205859
chrX;14708934;14856023.34;7.43760854704306
chrX;7774441;7852185.41;0.0130441598594189
chrX;5136861;5188229.61;7.85135834710673
chrX;8851778;8940295.78;7.27429467020556
chrX;12391283;12515195.83;9.5256732031703
chrX;1970708;1990415.08;1.28973781596869
chrX;504612;509658.12;7.05202794866636
chrX;10209391;10311484.91;1.8251557322219
chrX;13455172;13589723.72;8.38157498044893
chrX;14851579;15000094.79;6.98093553306535
chrX;12280394;12403197.94;7.81260692048818
chrX;17627697;17803973.97;0.740348335821182
chrX;2769358;2797051.58;7.63952848734334
chrX;6342153;6405574.53;8.5403384687379
chrX;4613211;4659343.11;0.865171402692795
chrX;4501211;4546223.11;0.52628388395533
chrX;13725478;13862732.78;8.18597423611209
chrX;4571033;4616743.33;9.24680793192238
chrX;14839117;14987508.17;9.26302669337019
chrX;6360578;6424183.78;7.59828434325755
chrX;9194233;9286175.33;5.72344619780779
chrX;666974;673643.74;3.93562419107184
chrX;6423983;6488222.83;9.91537203779444
chrX;15899541;16058536.41;1.42901114420965
chrX;3276042;3308802.42;0.279140344355255
chrX;1157003;1168573.03;3.10837009456009
chrX;7470521;7545226.21;7.02831686940044
chrX;14425972;14570231.72;1.95335530908778
chrX;4150411;4191915.11;6.75869503291324
chrX;15468362;15623045.62;2.46951967012137
chrX;17585507;17761362.07;2.17713674297556
chrX;8554819;8640367.19;2.35684622311965
chrX;15201090;15353100.9;5.27426706859842
chrX;7266036;7338696.36;9.24303017789498
chrX;4708959;4756048.59;8.51560772862285
chrX;11350488;11463992.88;3.53750029345974
chrX;8761419;8849033.19;8.19247955456376
chrX;12741034;12868444.34;1.186876706779
chrX;8358507;8442092.07;8.21855938294902
chrX;5882929;5941758.29;7.08494316320866
chrX;4830975;4879284.75;8.4248432633467
chrX;5024478;5074722.78;4.98041267041117
chrX;16423720;16587957.2;1.21939837466925
chrX;13743869;13881307.69;6.01189392618835
chrX;13216638;13348804.38;1.90905880182982
chrX;8037234;8117606.34;8.92326805973426
chrX;1647833;1664311.33;5.38020466454327
chrX;7218475;7290659.75;7.82032277667895
chrX;17535740;17711097.4;0.139075773768127
chrX;14823122;14971353.22;2.74312917143106
chrX;11998980;12118969.8;6.80895742028952
chrX;17425470;17599724.7;4.32791268220171
chrX;17091641;17262557.41;2.54396020201966
chrX;2753529;2781064.29;9.19545372482389
chrX;10373497;10477231.97;8.05618587182835
chrX;14287984;14430863.84;4.15170242311433
chrX;9951470;10050984.7;1.97467748541385
chrX;2649977;2676476.77;4.9350664508529
chrX;54779;55326.79;1.14811750361696
chrX;2892313;2921236.13;5.91235796222463
chrX;13931796;14071113.96;8.17400109255686
chrX;11927667;12046943.67;0.84119186270982
chrX;9737790;9835167.9;7.21326332306489
chrX;17226304;17398567.04;1.83017736999318
chrX;1544887;1560335.87;6.60855302354321
chrX;16553177;16718708.77;6.05141728185117
chrX;3213580;3245715.8;5.72001833701506
chrX;14798020;14946000.2;7.60470905574039
chrX;9545453;9640907.53;7.40399251226336
chrX;6934689;7004035.89;0.711398031562567
chrX;14183205;14325037.05;0.424761471804231
chrX;8887449;8976323.49;0.812510601244867
chrX;271468;274182.68;4.53668485861272
chrX;910026;919126.26;6.64261149475351
chrX;13459975;13594574.75;7.45596930850297
chrX;11103051;11214081.51;3.00036965869367
chrX;7232820;7305148.2;7.76563642546535
chrX;4929880;4979178.8;9.79717155219987
chrX;12972559;13102284.59;1.15092836786062
chrX;5999130;6059121.3;9.4077848107554
chrX;10340601;10444007.01;2.06950144376606
chrX;13806182;13944243.82;9.64112957706675
chrX;12564595;12690240.95;2.94335436308756
chrX;10013073;10113203.73;3.30418620025739
chrX;16100021;16261021.21;7.43567916331813
chrX;47618;48094.18;2.71062351064757
chrX;11185746;11297603.46;4.82143009314314
chrX;16576032;16741792.32;7.4347209953703
chrX;12072930;12193659.3;7.74531196104363
chrX;10184252;10286094.52;2.38781973253936
chrX;16848023;17016503.23;3.12172747449949
chrX;4106830;4147898.3;9.18616333510727
chrX;8914563;9003708.63;7.79758795630187
chrX;5035542;5085897.42;5.35448841517791
chrX;4484598;4529443.98;0.226271459832788
chrX;14755990;14903549.9;1.97856758721173
chrX;9329322;9422615.22;5.30907747568563
chrX;543205;548637.05;9.99818764394149
chrX;14149930;14291429.3;3.02462081424892
chrX;15525572;15680827.72;9.54498880775645
chrX;12513484;12638618.84;2.65783556737006
chrX;6748485;6815969.85;5.12512742076069
chrX;4180957;4222766.57;4.80391977820545
chrX;6594492;6660436.92;1.94188890047371
chrX;9558254;9653836.54;2.05360340420157
chrX;7953588;8033123.88;0.956615633331239
chrX;15873475;16032209.75;0.762983188033104
chrX;11688001;11804881.01;0.45361464843154
chrX;5500434;5555438.34;4.92050616070628
chrX;10786972;10894841.72;2.54671253729612
chrX;16690522;16857427.22;7.37713515991345
chrX;16488579;16653464.79;4.18955280212685
chrX;1972008;1991728.08;6.06092705391347
chrX;625174;631425.74;4.30423156358302
chrX;10787380;10895253.8;7.7470736973919
chrX;12709972;12837071.72;4.07670592190698
chrX;7574466;7650210.66;6.71086580492556
chrX;5541504;5596919.04;6.80874176556245
chrX;17195718;17367675.18;7.3464914620854
chrX;1156036;1167596.36;8.10486112954095
chrX;5604633;5660679.33;1.28505371045321
chrX;10046992;10147461.92;3.44258056953549
chrX;12570079;12695779.79;2.49708307441324
chrX;14719091;14866281.91;8.93556593451649
chrX;12216047;12338207.47;0.677145898807794
chrX;12587946;12713825.46;3.05793692125008
chrX;14406994;14551063.94;8.52450191043317
chrX;4780870;4828678.7;3.77179744187742
chrX;14195927;14337886.27;5.22002422483638
chrX;10173898;10275636.98;7.58986119646579
chrX;16171635;16333351.35;0.0330294482409954
chrX;3131220;3162532.2;6.22486933832988
